設定No,進行目安,種別,地域,マップKey,階層,設定ID,表示ラベル,text,座標,表示条件・関連ID,プロパティ,source,設定パス,修正案,編集メモ
1,序章・5年前～現在への移行,マップログ,リースの山小屋内,REES_MOUNTAIN_HUT,MAP000069-01,,,リースが手入れしている簡素な寝台だ。,"(7,2)",,log,map.js,blockingObjects.0,,
2,序章・5年前～現在への移行,マップログ,リースの山小屋内,REES_MOUNTAIN_HUT,MAP000069-01,,,旅人用に整えられた寝台だ。,"(8,2)",,log,map.js,blockingObjects.1,,
3,第1段階 リュミナ村～北東の洞穴,マップログ,リュミナ村,START_VILLAGE,MAP000002-00,,村の若者と話す,若者が木剣を握りしめている。,,eventId=town_start_villager_2_a,log,map.js,mapActors.1.states.0.action,,
4,第1段階 リュミナ村～北東の洞穴,マップログ,リュミナ村,START_VILLAGE,MAP000002-00,,村人と話す,村人が、北東の穴を見つめている。,,eventId=town_start_villager_1_a,log,map.js,mapActors.0.states.0.action,,
5,第1段階 リュミナ村～北東の洞穴,マップログ,リュミナ村,START_VILLAGE,MAP000002-00,,武器を見る,簡素な武器が並んでいる。,"(8,5)",,log,map.js,mapActions.1,,
6,第1段階 リュミナ村～北東の洞穴,マップログ,リュミナ村,START_VILLAGE,MAP000002-00,,洞穴に入る,北東の洞穴から冷たい風が吹いている。,"(11,1)",,log,map.js,mapActions.3,,
7,第1段階 リュミナ村～北東の洞穴,マップログ,リュミナ村,START_VILLAGE,MAP000002-00,,薬草摘みと話す,籠を抱えた女性が、葉についた泥を払っている。,,eventId=town_start_villager_3_a,log,map.js,mapActors.2.states.0.action,,
8,第1段階 リュミナ村～北東の洞穴,マップログ,リュミナ村,START_VILLAGE,MAP000002-00,,道具を買う,道具屋の看板が出ている。,"(2,9)",,log,map.js,mapActions.0,,
9,第1段階 リュミナ村～北東の洞穴,マップログ,リュミナ村,START_VILLAGE,MAP000002-00,,長老と話す,長老が旅人を待っている。,,,log,map.js,mapActors.3.states.0.action,,
10,第1段階 リュミナ村～北東の洞穴,マップログ,リュミナ村,START_VILLAGE,MAP000002-00,,防具を見る,旅支度用の防具が並んでいる。,"(10,5)",,log,map.js,mapActions.2,,
11,第1段階 リュミナ村～北東の洞穴,ストーリーLOG,北東の洞穴,,,start_cave2,,準備ができたらもう一度話しかけよう,,,LOG action,story.js:5486,actions.1.no.0,,
12,第1段階 リュミナ村～北東の洞穴,マップログ,北東の洞穴,START_CAVE,MAP000003-01,,見張りと話す,見張りが洞穴の封鎖を守っている。,,,log,map.js,mapActors.0.states.0.action,,
13,第2段階 炎の里・イグナ火山,利用不可メッセージ,イグナ火山,IGNIS_VOLCANO,3,,火のプリズムに呼びかける,火のプリズムは、まだこちらの声に応えない。,"(10,4)","requiredFlags=['abyssSpiritPilgrimageStarted', 'firePrismRestored']",lockedText,map.js,mapActions.0,,
14,第2段階 炎の里・イグナ火山,進行制限ログ,イグナ火山,IGNIS_VOLCANO,3,,火山深部へ,火山ガスが淀み、今は進めない。,"(10,1)",requiredFlag=windVillageCleared,lockedLog,map.js,floorLinks.1,,
15,第2段階 炎の里・イグナ火山,マップログ,イグナ火山,IGNIS_VOLCANO,4,,右の排熱弁を回す,赤く焼けた排熱弁を押し込んだ。,"(22,16)",,log,map.js,mapActions.1,,
16,第2段階 炎の里・イグナ火山,マップログ,イグナ火山,IGNIS_VOLCANO,4,,左の排熱弁を回す,煤に埋もれた排熱弁を回した。,"(6,9)",,log,map.js,mapActions.0,,
17,第2段階 炎の里・イグナ火山,移動・操作メッセージ,イグナ火山,IGNIS_VOLCANO,4,,,噴気孔から熱風が吹き上がった。,"(5,9)",,message,map.js,tileEffects.1,,
18,第2段階 炎の里・イグナ火山,移動・操作メッセージ,イグナ火山,IGNIS_VOLCANO,4,,,濃い火山ガスを吸った！,,,message,map.js,tileEffects.0,,
19,第2段階 炎の里・イグナ火山,移動・操作メッセージ,イグナ火山,IGNIS_VOLCANO,4,volcano_deep_flame,,炎を纏う強敵が迫る！,"(23,19)",,message,map.js,tileEffects.3,,
20,第2段階 炎の里・イグナ火山,移動・操作メッセージ,イグナ火山,IGNIS_VOLCANO,4,,,熱風に押し戻された。,"(22,17)",,message,map.js,tileEffects.2,,
21,第2段階 炎の里・イグナ火山,移動・操作メッセージ,イグナ火山,IGNIS_VOLCANO,5,,,炉心の煙が体を焼く！,,,message,map.js,tileEffects.0,,
22,第2段階 炎の里・イグナ火山,移動・操作メッセージ,イグナ火山,IGNIS_VOLCANO,5,volcano_furnace_guard,,炉心の番人が迫る！,"(24,18)",,message,map.js,tileEffects.1,,
23,第2段階 炎の里・イグナ火山,調査ログ,イグナ火山,IGNIS_VOLCANO,5,,炎心炉の試練に挑む,守る剣を試す炎が、炉心の中心で人の形を成している。,"(14,6)",questId=karin_volcano_depths; monsterId=303201,inspectLog,map.js,bosses.0,,
24,第2段階 炎の里・イグナ火山,ストーリーLOG,炎の里イグニシア,,,fire_village_consult,,イグナ火山の異変を調査することになった。,,,LOG action,story.js:6477,actions.4,,
25,第2段階 炎の里・イグナ火山,ストーリーLOG,炎の里イグニシア,,,fire_village_holy_water_briefing,,森の風穴で、妖精の泉を探そう。,,,LOG action,story.js:6571,actions.3,,
26,第2段階 炎の里・イグナ火山,ストーリーLOG,炎の里イグニシア,,,fire_village_report,,鍛冶機能が解放された。北の風の集落へ向かおう。,,,LOG action,story.js:6782,actions.6,,
27,第2段階 炎の里・イグナ火山,マップログ,炎の里イグニシア,FIRE_VILLAGE,MAP000006-00,,イグナ火山へ入る,北の火山道から、熱と魔物の気配が流れてくる。,"(14,1)",requiredStoryStep=2,log,map.js,mapActions.5,,
28,第2段階 炎の里・イグナ火山,マップログ,炎の里イグニシア,FIRE_VILLAGE,MAP000006-00,,カリンと話す,女侍が佇んでいる,,questId=karin_volcano_depths,log,map.js,mapActors.2.states.0.action,,
29,第2段階 炎の里・イグナ火山,マップログ,炎の里イグニシア,FIRE_VILLAGE,MAP000006-00,,武器を見る,鍛冶火が赤く揺れる武器屋だ。,"(7,14)",,log,map.js,mapActions.2,,
30,第2段階 炎の里・イグナ火山,マップログ,炎の里イグニシア,FIRE_VILLAGE,MAP000006-00,,泊まる,熱気をしのげる宿屋がある。,"(21,14)",,log,map.js,mapActions.0,,
31,第2段階 炎の里・イグナ火山,マップログ,炎の里イグニシア,FIRE_VILLAGE,MAP000006-00,,炭運びと話す,煤だらけの男が、背負い籠を下ろした。,,,log,map.js,mapActors.1.states.0.action,,
32,第2段階 炎の里・イグナ火山,マップログ,炎の里イグニシア,FIRE_VILLAGE,MAP000006-00,,道具を買う,火山探索向けの道具屋だ。,"(21,17)",,log,map.js,mapActions.1,,
33,第2段階 炎の里・イグナ火山,マップログ,炎の里イグニシア,FIRE_VILLAGE,MAP000006-00,,里の人と話す,里の西を気にしているようだ。,,eventId=town_fire_villager_2,log,map.js,mapActors.0.states.0.action,,
34,第2段階 炎の里・イグナ火山,マップログ,炎の里イグニシア,FIRE_VILLAGE,MAP000006-00,,里の長に話す,里の長が弱まった炎を見つめている。,,,log,map.js,mapActors.3.states.0.action,,
35,第2段階 炎の里・イグナ火山,マップログ,炎の里イグニシア,FIRE_VILLAGE,MAP000006-00,,鍛冶屋を訪ねる,鍛冶師が炉の縁に手を置いている。,"(8,4)",,log,map.js,mapActions.4,,
36,第2段階 炎の里・イグナ火山,マップログ,炎の里イグニシア,FIRE_VILLAGE,MAP000006-00,,防具を見る,火山の熱に耐える防具を扱っている。,"(7,17)",,log,map.js,mapActions.3,,
37,第2段階 炎の里・イグナ火山,利用不可メッセージ,炎の里イグニシア,FIRE_VILLAGE,MAP000006-00,,カリンと話す,カリンはまだ、火山ガスが晴れる時を待っている。,,questId=karin_volcano_depths,lockedText,map.js,mapActors.2.states.0.action,,
38,第2段階 炎の里・イグナ火山,進行不足メッセージ,炎の里イグニシア,FIRE_VILLAGE,MAP000006-00,,イグナ火山へ入る,火山道から熱気が吹き下ろしてくる。今はまだ、里の事情を聞かずに踏み込むべきではなさそうだ。,"(14,1)",requiredStoryStep=2,requiredStoryMissingText,map.js,mapActions.5,,
39,第2段階 炎の里・イグナ火山,マップログ,森の風穴,FOREST_WIND_HOLE,1,,風の通り道を聞く,洞の奥へ、低く澄んだ風の音が吸い込まれていく。,"(12,9)",,log,map.js,mapActions.0,,
40,第2段階 炎の里・イグナ火山,移動・操作メッセージ,森の風穴,FOREST_WIND_HOLE,1,,,風穴の渦が巻き戻った。,"(18,14)",,message,map.js,tileEffects.1,,
41,第2段階 炎の里・イグナ火山,移動・操作メッセージ,森の風穴,FOREST_WIND_HOLE,1,,,風穴の渦に運ばれた。,"(5,9)",,message,map.js,tileEffects.0,,
42,第2段階 炎の里・イグナ火山,移動・操作メッセージ,森の風穴,FOREST_WIND_HOLE,1,wind_hole_stalker,,黒風の魔物が迫る！,"(4,4)",,message,map.js,tileEffects.2,,
43,第2段階 炎の里・イグナ火山,移動・操作メッセージ,森の風穴,FOREST_WIND_HOLE,2,,,妖精風が泉の反対岸へ運んだ。,"(4,4)",,message,map.js,tileEffects.0,,
44,第2段階 炎の里・イグナ火山,移動・操作メッセージ,森の風穴,FOREST_WIND_HOLE,2,,,妖精風が泉を巡った。,"(20,4)",,message,map.js,tileEffects.1,,
45,第2段階 炎の里・イグナ火山,調査ログ,森の風穴,FOREST_WIND_HOLE,2,,妖精を守る,妖精の泉で、闇をまとった魔物が小さな光を追い詰めている。,"(12,4)","monsterId=[154, 154]",inspectLog,map.js,bosses.0,,
46,第3段階 風の集落・禁忌の森・風の神殿,マップログ,禁忌の森,FORBIDDEN_FOREST,1,,森の奥へ進む,木々の切れ目から、さらに深い森へ道が続いている。,"(3,4)",,log,map.js,floorLinks.1,,
47,第3段階 風の集落・禁忌の森・風の神殿,マップログ,禁忌の森,FORBIDDEN_FOREST,1,,立札を読む,掠れた字で「北」と書かれているようだ…,"(42,15)",,log,map.js,mapActions.0,,
48,第3段階 風の集落・禁忌の森・風の神殿,マップログ,禁忌の森,FORBIDDEN_FOREST,1,,風の集落カザリアへ戻る,集落へ続く森の出口だ。,"(53,16)",,log,map.js,floorLinks.0,,
49,第3段階 風の集落・禁忌の森・風の神殿,移動・操作メッセージ,禁忌の森,FORBIDDEN_FOREST,1,,,不思議な力で移動した。,"(42,10)",,message,map.js,tileEffects.2,,
50,第3段階 風の集落・禁忌の森・風の神殿,移動・操作メッセージ,禁忌の森,FORBIDDEN_FOREST,1,,,不思議な力で移動した。,"(42,20)",,message,map.js,tileEffects.3,,
51,第3段階 風の集落・禁忌の森・風の神殿,移動・操作メッセージ,禁忌の森,FORBIDDEN_FOREST,1,,,不思議な力で移動した。,"(38,15)",,message,map.js,tileEffects.4,,
52,第3段階 風の集落・禁忌の森・風の神殿,移動・操作メッセージ,禁忌の森,FORBIDDEN_FOREST,1,,,黒い風に道を逸らされた。,"(45,21)",,message,map.js,tileEffects.0,,
53,第3段階 風の集落・禁忌の森・風の神殿,移動・操作メッセージ,禁忌の森,FORBIDDEN_FOREST,1,,,黒い風に道を逸らされた。,"(5,9)",,message,map.js,tileEffects.1,,
54,第3段階 風の集落・禁忌の森・風の神殿,マップログ,禁忌の森,FORBIDDEN_FOREST,2,,朽ちた石碑を読む,石碑には、森の風を鎮めた名もなき守人の印が刻まれている。,"(30,10)",,log,map.js,mapActions.0,,
55,第3段階 風の集落・禁忌の森・風の神殿,マップログ,禁忌の森,FORBIDDEN_FOREST,2,,東の森へ戻る,木々の切れ目から、来た道へ戻れそうだ。,"(38,33)",,log,map.js,floorLinks.0,,
56,第3段階 風の集落・禁忌の森・風の神殿,マップログ,禁忌の森,FORBIDDEN_FOREST,2,,石碑に祈る,守護者を鎮めた石碑に、穏やかな風が巡っている。,"(20,18)",requiredFlag=windForestCleansed; eventId=wind_forest_guardians_after,log,map.js,mapActions.1,,
57,第3段階 風の集落・禁忌の森・風の神殿,マップログ,禁忌の森,FORBIDDEN_FOREST,2,,風の神殿へ入る,森の北端に、風の神殿へ続く古い石門が開いている。,"(20,2)",requiredFlag=windForestCleansed,log,map.js,floorLinks.1,,
58,第3段階 風の集落・禁忌の森・風の神殿,移動・操作メッセージ,禁忌の森,FORBIDDEN_FOREST,2,,,祈りの広場に残る瘴気が肌を刺す。,"(25,6)",,message,map.js,tileEffects.0,,
59,第3段階 風の集落・禁忌の森・風の神殿,移動・操作メッセージ,禁忌の森,FORBIDDEN_FOREST,2,,,祈りの広場に残る瘴気が肌を刺す。,"(26,6)",,message,map.js,tileEffects.1,,
60,第3段階 風の集落・禁忌の森・風の神殿,調査ログ,禁忌の森,FORBIDDEN_FOREST,2,,石碑を調べる,祈りの広場の中央に、黒い風をまとった石碑が立っている。,"(20,18)","monsterId=[301011, 301012]",inspectLog,map.js,bosses.0,,
61,第3段階 風の集落・禁忌の森・風の神殿,進行制限ログ,禁忌の森,FORBIDDEN_FOREST,2,,森の深部へ,毒と呪いが濃く、今は進めない。,"(27,6)",requiredFlag=waterCityCleared,lockedLog,map.js,floorLinks.2,,
62,第3段階 風の集落・禁忌の森・風の神殿,進行制限ログ,禁忌の森,FORBIDDEN_FOREST,2,,風の神殿へ入る,黒い風が石門を塞いでいる。祈りの広場の守護者を鎮めなければ進めなさそうだ。,"(20,2)",requiredFlag=windForestCleansed,lockedLog,map.js,floorLinks.1,,
63,第3段階 風の集落・禁忌の森・風の神殿,移動・操作メッセージ,禁忌の森,FORBIDDEN_FOREST,3,forest_root_stalker,,呪根の追跡者が迫る！,"(24,19)",,message,map.js,tileEffects.1,,
64,第3段階 風の集落・禁忌の森・風の神殿,移動・操作メッセージ,禁忌の森,FORBIDDEN_FOREST,3,,,濃い瘴気がまとわりつく。,,,message,map.js,tileEffects.0,,
65,第3段階 風の集落・禁忌の森・風の神殿,移動・操作メッセージ,禁忌の森,FORBIDDEN_FOREST,4,,,不思議な力で移動した。,"(28,18)",,message,map.js,tileEffects.1,,
66,第3段階 風の集落・禁忌の森・風の神殿,移動・操作メッセージ,禁忌の森,FORBIDDEN_FOREST,4,,,不思議な力で移動した。,"(23,15)",,message,map.js,tileEffects.2,,
67,第3段階 風の集落・禁忌の森・風の神殿,移動・操作メッセージ,禁忌の森,FORBIDDEN_FOREST,4,,,不思議な力で移動した。,"(28,8)",,message,map.js,tileEffects.3,,
68,第3段階 風の集落・禁忌の森・風の神殿,移動・操作メッセージ,禁忌の森,FORBIDDEN_FOREST,4,,,不思議な力で移動した。,"(16,8)",,message,map.js,tileEffects.4,,
69,第3段階 風の集落・禁忌の森・風の神殿,移動・操作メッセージ,禁忌の森,FORBIDDEN_FOREST,4,,,不思議な力で移動した。,"(3,8)",,message,map.js,tileEffects.5,,
70,第3段階 風の集落・禁忌の森・風の神殿,移動・操作メッセージ,禁忌の森,FORBIDDEN_FOREST,4,,,不思議な力で移動した。,"(14,14)",,message,map.js,tileEffects.6,,
71,第3段階 風の集落・禁忌の森・風の神殿,移動・操作メッセージ,禁忌の森,FORBIDDEN_FOREST,4,,,不思議な力で移動した。,"(14,2)",,message,map.js,tileEffects.7,,
72,第3段階 風の集落・禁忌の森・風の神殿,移動・操作メッセージ,禁忌の森,FORBIDDEN_FOREST,4,forest_curse_guard,,呪風の番人が迫る！,"(15,21)",,message,map.js,tileEffects.0,,
73,第3段階 風の集落・禁忌の森・風の神殿,調査ログ,禁忌の森,FORBIDDEN_FOREST,4,,呪風の根を断つ,黒い風の中心で、森の根が鼓動のように膨らんでいる。,"(3,3)","questId=arisa_haine_forest_depths; monsterId=[303203, 303207]",inspectLog,map.js,bosses.0,,
74,第3段階 風の集落・禁忌の森・風の神殿,ストーリーLOG,風の集落カザリア,,,wind_village_intro,,エリーゼが同行した。禁忌の森へ向かおう。,,,LOG action,story.js:6851,actions.5,,
75,第3段階 風の集落・禁忌の森・風の神殿,ストーリーLOG,風の集落カザリア,,,main_arisa_haine_start,,禁忌の森深部へ向かい、アリサとハイネを救出しよう。,,,LOG action,story.js:7234,actions.4,,
76,第3段階 風の集落・禁忌の森・風の神殿,マップログ,風の集落カザリア,WIND_VILLAGE,MAP000009-00,,エリーゼに話す,子どもたちが不安そうに身を寄せ合っている。,,,log,map.js,mapActors.4.states.0.action,,
77,第3段階 風の集落・禁忌の森・風の神殿,マップログ,風の集落カザリア,WIND_VILLAGE,MAP000009-00,,村人から二人の消息を聞く,村人が禁忌の森の方を見つめている。,,eventId=main_arisa_haine_start,log,map.js,mapActors.3.states.0.action,,
78,第3段階 風の集落・禁忌の森・風の神殿,マップログ,風の集落カザリア,WIND_VILLAGE,MAP000009-00,,武器を見る,軽く扱いやすい武器が並んでいる。,"(6,7)",,log,map.js,mapActions.2,,
79,第3段階 風の集落・禁忌の森・風の神殿,マップログ,風の集落カザリア,WIND_VILLAGE,MAP000009-00,,泊まる,風よけの宿屋がある。,"(22,7)",,log,map.js,mapActions.0,,
80,第3段階 風の集落・禁忌の森・風の神殿,マップログ,風の集落カザリア,WIND_VILLAGE,MAP000009-00,,禁忌の森へ入る,西の森から、淀んだ風が吹き込んでくる。,"(0,8)",requiredStoryStep=3,log,map.js,mapActions.4,,
81,第3段階 風の集落・禁忌の森・風の神殿,マップログ,風の集落カザリア,WIND_VILLAGE,MAP000009-00,,禁忌の森へ入る,西の森から、淀んだ風が吹き込んでくる。,"(0,9)",requiredStoryStep=3,log,map.js,mapActions.5,,
82,第3段階 風の集落・禁忌の森・風の神殿,マップログ,風の集落カザリア,WIND_VILLAGE,MAP000009-00,,禁忌の森へ入る,西の森から、淀んだ風が吹き込んでくる。,"(0,10)",requiredStoryStep=3,log,map.js,mapActions.6,,
83,第3段階 風の集落・禁忌の森・風の神殿,マップログ,風の集落カザリア,WIND_VILLAGE,MAP000009-00,,見張りと話す,見張りが枝の揺れを追っている。,,,log,map.js,mapActors.0.states.0.action,,
84,第3段階 風の集落・禁忌の森・風の神殿,マップログ,風の集落カザリア,WIND_VILLAGE,MAP000009-00,,道具を買う,森歩きに備えた道具屋だ。,"(19,7)",,log,map.js,mapActions.1,,
85,第3段階 風の集落・禁忌の森・風の神殿,マップログ,風の集落カザリア,WIND_VILLAGE,MAP000009-00,,防具を見る,森の魔物に備えた防具屋だ。,"(9,7)",,log,map.js,mapActions.3,,
86,第3段階 風の集落・禁忌の森・風の神殿,マップログ,風の集落カザリア,WIND_VILLAGE,MAP000009-00,,集落の子と話す,子どもが小さな風鈴を握っている。,,,log,map.js,mapActors.1.states.0.action,,
87,第3段階 風の集落・禁忌の森・風の神殿,マップログ,風の集落カザリア,WIND_VILLAGE,MAP000009-00,,風織り職人と話す,職人が、風を含んだ薄布を指で弾いている。,,,log,map.js,mapActors.2.states.0.action,,
88,第3段階 風の集落・禁忌の森・風の神殿,進行不足メッセージ,風の集落カザリア,WIND_VILLAGE,MAP000009-00,,禁忌の森へ入る,森の奥から、呼吸をひそめるような風が流れてくる。案内もなく進めば、すぐに道を失いそうだ。,"(0,8)",requiredStoryStep=3,requiredStoryMissingText,map.js,mapActions.4,,
89,第3段階 風の集落・禁忌の森・風の神殿,進行不足メッセージ,風の集落カザリア,WIND_VILLAGE,MAP000009-00,,禁忌の森へ入る,森の奥から、呼吸をひそめるような風が流れてくる。案内もなく進めば、すぐに道を失いそうだ。,"(0,9)",requiredStoryStep=3,requiredStoryMissingText,map.js,mapActions.5,,
90,第3段階 風の集落・禁忌の森・風の神殿,進行不足メッセージ,風の集落カザリア,WIND_VILLAGE,MAP000009-00,,禁忌の森へ入る,森の奥から、呼吸をひそめるような風が流れてくる。案内もなく進めば、すぐに道を失いそうだ。,"(0,10)",requiredStoryStep=3,requiredStoryMissingText,map.js,mapActions.6,,
91,第3段階 風の集落・禁忌の森・風の神殿,移動・操作メッセージ,風の神殿,WIND_TEMPLE,2,,,不思議な力で移動した。,"(3,7)",,message,map.js,tileEffects.0,,
92,第3段階 風の集落・禁忌の森・風の神殿,移動・操作メッセージ,風の神殿,WIND_TEMPLE,2,,,不思議な力で移動した。,"(21,7)",,message,map.js,tileEffects.1,,
93,第3段階 風の集落・禁忌の森・風の神殿,利用不可メッセージ,風の神殿,WIND_TEMPLE,3,,風のプリズムに呼びかける,風のプリズムは、まだこちらの声に応えない。,"(12,8)","requiredFlags=['abyssSpiritPilgrimageStarted', 'windVillageCleared']",lockedText,map.js,mapActions.0,,
94,第4段階 水上都市・海底神殿・レクスノート邸,ストーリーLOG,水上都市リヴァリア,,,arel_kagetora_hayate_truth_phase8e,,ゼリードが隠した押収箱を、光の宮殿の旧文書庫で探そう。,,,LOG action,story.js:7489,actions.4,,
95,第4段階 水上都市・海底神殿・レクスノート邸,ストーリーLOG,水上都市リヴァリア,,,arel_kagetora_water_archive_phase8e,,レクスノート邸に残る私的記録を調べよう。,,,LOG action,story.js:7462,actions.3,,
96,第4段階 水上都市・海底神殿・レクスノート邸,ストーリーLOG,水上都市リヴァリア,,,water_city_crystal_tree_briefing,,光の宮殿でレイラに結晶樹の葉を使い、治療経過を確かめよう。,,,LOG action,story.js:6081,actions.0.else.0.else.1,,
97,第4段階 水上都市・海底神殿・レクスノート邸,ストーリーLOG,水上都市リヴァリア,,,water_city_after_clear,,解放された水上都市で一息つき、街に残る手掛かりを探そう。,,,LOG action,story.js:7190,actions.3,,
98,第4段階 水上都市・海底神殿・レクスノート邸,ストーリーLOG,水上都市リヴァリア,,,water_city_blue_crystal_report,,青の結晶が水の道を開いた。海底神殿へ向かおう。,,,LOG action,story.js:7943,actions.3,,
99,第4段階 水上都市・海底神殿・レクスノート邸,ストーリーLOG,水上都市リヴァリア,,,water_city_wind_messenger,,風の集落へ戻り、アリサとハイネの消息を確かめよう。,,,LOG action,story.js:7212,actions.3,,
100,第4段階 水上都市・海底神殿・レクスノート邸,マップログ,水上都市リヴァリア,WATER_CITY,MAP000015-00,,アランと話す,アランが、神殿奥へ向かう水路を見つめている。,,questId=sophia_alan_seabed_depths,log,map.js,mapActors.14.states.0.action,,
101,第4段階 水上都市・海底神殿・レクスノート邸,マップログ,水上都市リヴァリア,WATER_CITY,MAP000015-00,,シルビアと話す,優雅な身なりの貴人が、護衛を探している。,,questId=sylvia_water_city,log,map.js,mapActors.11.states.0.action,,
102,第4段階 水上都市・海底神殿・レクスノート邸,マップログ,水上都市リヴァリア,WATER_CITY,MAP000015-00,,ソフィアと話す,ソフィアが、神殿奥の水流について記録を読み返している。,,questId=sophia_alan_seabed_depths,log,map.js,mapActors.12.states.5.action,,
103,第4段階 水上都市・海底神殿・レクスノート邸,マップログ,水上都市リヴァリア,WATER_CITY,MAP000015-00,,ハヤテと話す,ハヤテはゼリードを、父の最も信頼した相棒として待っている。,,eventId=arel_kagetora_hayate_truth_phase8e,log,map.js,mapActors.9.states.0.action,,
104,第4段階 水上都市・海底神殿・レクスノート邸,マップログ,水上都市リヴァリア,WATER_CITY,MAP000015-00,,マリーと話す,白いローブの女性が、避難民の無事を祈っている。,,questId=marie_water_city,log,map.js,mapActors.8.states.0.action,,
105,第4段階 水上都市・海底神殿・レクスノート邸,マップログ,水上都市リヴァリア,WATER_CITY,MAP000015-00,,元兵士と話す,元兵士が古い盾の傷を磨いている。,,eventId=town_water_villager_3,log,map.js,mapActors.5.states.1.action,,
106,第4段階 水上都市・海底神殿・レクスノート邸,マップログ,水上都市リヴァリア,WATER_CITY,MAP000015-00,,兵士と話す,黒鎧の兵士が橋を塞いでいる。,,eventId=water_city_blockade_guard,log,map.js,mapActors.0.states.0.action,,
107,第4段階 水上都市・海底神殿・レクスノート邸,マップログ,水上都市リヴァリア,WATER_CITY,MAP000015-00,,広場を調べる,濁った水路の音が、街の沈黙に混じっている。,,,log,map.js,mapActors.7.states.0.action,,
108,第4段階 水上都市・海底神殿・レクスノート邸,マップログ,水上都市リヴァリア,WATER_CITY,MAP000015-00,,武器を見る,海底神殿に備えた武器を扱っている。,"(7,10)",,log,map.js,mapActions.3,,
109,第4段階 水上都市・海底神殿・レクスノート邸,マップログ,水上都市リヴァリア,WATER_CITY,MAP000015-00,,海底火山の場所を聞く,船大工は外海の潮目を指でなぞっている。,,eventId=undersea_volcano_route_hint_water,log,map.js,mapActors.4.states.0.action,,
110,第4段階 水上都市・海底神殿・レクスノート邸,マップログ,水上都市リヴァリア,WATER_CITY,MAP000015-00,,渡し守と話す,渡し守が、濡れた綱の結び目を確かめている。,,,log,map.js,mapActors.6.states.1.action,,
111,第4段階 水上都市・海底神殿・レクスノート邸,マップログ,水上都市リヴァリア,WATER_CITY,MAP000015-00,,老人と話す,老人がライザーク要塞の方角を眺めている。,,,log,map.js,mapActors.3.states.1.action,,
112,第4段階 水上都市・海底神殿・レクスノート邸,マップログ,水上都市リヴァリア,WATER_CITY,MAP000015-00,,船大工と話す,船大工が水路の流れを測っている。,,,log,map.js,mapActors.4.states.2.action,,
113,第4段階 水上都市・海底神殿・レクスノート邸,マップログ,水上都市リヴァリア,WATER_CITY,MAP000015-00,,道具を買う,水路沿いの道具屋だ。,"(4,10)",,log,map.js,mapActions.2,,
114,第4段階 水上都市・海底神殿・レクスノート邸,マップログ,水上都市リヴァリア,WATER_CITY,MAP000015-00,,錬金所に入る,薬草と魔石の香りが漂う、水上都市の錬金所だ。,"(31,3)",,log,map.js,mapActions.1,,
115,第4段階 水上都市・海底神殿・レクスノート邸,マップログ,水上都市リヴァリア,WATER_CITY,MAP000015-00,,防具を見る,水と闇に強い防具を扱っている。,"(10,10)",,log,map.js,mapActions.4,,
116,第4段階 水上都市・海底神殿・レクスノート邸,利用不可メッセージ,水上都市リヴァリア,WATER_CITY,MAP000015-00,,アランと話す,今はまだ、海底神殿の奥へ進む手段がない。,,questId=sophia_alan_seabed_depths,lockedText,map.js,mapActors.14.states.0.action,,
117,第4段階 水上都市・海底神殿・レクスノート邸,利用不可メッセージ,水上都市リヴァリア,WATER_CITY,MAP000015-00,,シルビアと話す,シルビアはまだ、声をかける相手を見定めている。,,questId=sylvia_water_city,lockedText,map.js,mapActors.11.states.0.action,,
118,第4段階 水上都市・海底神殿・レクスノート邸,利用不可メッセージ,水上都市リヴァリア,WATER_CITY,MAP000015-00,,ソフィアと話す,今はまだ、海底神殿の奥へ進む手段がない。,,questId=sophia_alan_seabed_depths,lockedText,map.js,mapActors.12.states.5.action,,
119,第4段階 水上都市・海底神殿・レクスノート邸,利用不可メッセージ,水上都市リヴァリア,WATER_CITY,MAP000015-00,,マリーと話す,マリーはまだ街の混乱を鎮めることで手一杯のようだ。,,questId=marie_water_city,lockedText,map.js,mapActors.8.states.0.action,,
120,第4段階 水上都市・海底神殿・レクスノート邸,利用不可メッセージ,水上都市リヴァリア,WATER_CITY,MAP000015-00,,水路番と話す,水路番は、まだ街の修復状況を見回している。,,questId=water_city_hunt_waterway,lockedText,map.js,mapActors.23.states.0.action,,
121,第4段階 水上都市・海底神殿・レクスノート邸,調査ログ,海底神殿,SEABED_TEMPLE,2,,戦う,強敵の気配がする。,"(20,5)","monsterId=[301021, 301022, 301021]",inspectLog,map.js,bosses.0,,
122,第4段階 水上都市・海底神殿・レクスノート邸,調査ログ,海底神殿,SEABED_TEMPLE,2,,戦う,強敵の気配がする。,"(20,16)","monsterId=[301021, 301022, 301021]",inspectLog,map.js,bosses.1,,
123,第4段階 水上都市・海底神殿・レクスノート邸,利用不可メッセージ,海底神殿,SEABED_TEMPLE,3,,水のプリズムに呼びかける,水のプリズムは、まだこちらの声に応えない。,"(11,7)","requiredFlags=['abyssSpiritPilgrimageStarted', 'waterCityCleared']",lockedText,map.js,mapActions.0,,
124,第4段階 水上都市・海底神殿・レクスノート邸,進行制限ログ,海底神殿,SEABED_TEMPLE,3,,地下4階へ下りる,激しい水流で進めない。,"(11,2)",requiredFlag=thunderFortCleared,lockedLog,map.js,floorLinks.1,,
125,第4段階 水上都市・海底神殿・レクスノート邸,マップログ,海底神殿,SEABED_TEMPLE,4,,東の水門を下ろす,東の水門が閉じ、潮の唸りが変わった。,"(25,20)",,log,map.js,mapActions.1,,
126,第4段階 水上都市・海底神殿・レクスノート邸,マップログ,海底神殿,SEABED_TEMPLE,4,,西の水門を下ろす,西の水門が低い音を立てた。,"(5,6)",,log,map.js,mapActions.0,,
127,第4段階 水上都市・海底神殿・レクスノート邸,移動・操作メッセージ,海底神殿,SEABED_TEMPLE,4,,,水鏡が戻り道を映した。,"(25,6)",,message,map.js,tileEffects.2,,
128,第4段階 水上都市・海底神殿・レクスノート邸,移動・操作メッセージ,海底神殿,SEABED_TEMPLE,4,,,渦潮が反対側の水路へ運んだ。,"(5,20)",,message,map.js,tileEffects.1,,
129,第4段階 水上都市・海底神殿・レクスノート邸,移動・操作メッセージ,海底神殿,SEABED_TEMPLE,4,,,逆潮に押し流された。,,,message,map.js,tileEffects.0,,
130,第4段階 水上都市・海底神殿・レクスノート邸,移動・操作メッセージ,海底神殿,SEABED_TEMPLE,4,seabed_current,,逆潮の番人が迫る！,"(25,20)",,message,map.js,tileEffects.3,,
131,第4段階 水上都市・海底神殿・レクスノート邸,移動・操作メッセージ,海底神殿,SEABED_TEMPLE,5,,,祭壇の逆潮に引かれた。,,,message,map.js,tileEffects.0,,
132,第4段階 水上都市・海底神殿・レクスノート邸,移動・操作メッセージ,海底神殿,SEABED_TEMPLE,5,seabed_altar_guard,,祭壇守が水を割って迫る！,"(25,17)",,message,map.js,tileEffects.1,,
133,第4段階 水上都市・海底神殿・レクスノート邸,調査ログ,海底神殿,SEABED_TEMPLE,5,,逆潮祭壇を鎮める,ソフィアとアランが、祭壇を縛る逆潮の核を睨んでいる。,"(15,6)","questId=sophia_alan_seabed_depths; monsterId=[303208, 303202]",inspectLog,map.js,bosses.0,,
134,第4段階 水上都市・海底神殿・レクスノート邸,ストーリーLOG,レクスノート邸内,,,rexnote_basement_report,,アランが仲間に加わり、魔法の小舟を手に入れた。雷の要塞へ向かおう。,,,LOG action,story.js:7318,actions.11,,
135,第4段階 水上都市・海底神殿・レクスノート邸,ストーリーLOG,レクスノート邸内,,,rexnote_estate_arrival,,レクスノート邸の地下迷宮を調査し、最奥の隠し書庫を目指そう。,,,LOG action,story.js:7286,actions.4,,
136,第4段階 水上都市・海底神殿・レクスノート邸,ストーリーLOG,レクスノート邸内,,,arel_kagetora_rexnote_record_phase8e,,光の宮殿に残る十年前の旧命令記録を確認しよう。,,,LOG action,story.js:7471,actions.3,,
137,第4段階 水上都市・海底神殿・レクスノート邸,マップログ,レクスノート邸内,REXNOTE_ESTATE,MAP000071-01,,古い家紋を見る,埃をかぶった盾形の家紋に、『REXNOTE』の文字だけが残っている。,"(8,2)",,log,map.js,mapActions.2,,
138,第4段階 水上都市・海底神殿・レクスノート邸,マップログ,レクスノート邸内,REXNOTE_ESTATE,MAP000071-01,,地下迷宮へ降りる,石段の下から、屋敷のものとは思えない冷たい魔力が流れてくる。,"(13,7)",requiredFlag=rexnoteBasementRequested,log,map.js,mapActions.3,,
139,第4段階 水上都市・海底神殿・レクスノート邸,マップログ,レクスノート邸 地下迷宮,REXNOTE_BASEMENT,5,,書架を調べる,湿気で傷んだ本が多い。中央の机に置かれた一冊だけ、レクスノート家の封蝋が残っている。,"(20,9)",,log,map.js,mapActions.1,,
140,第4段階 水上都市・海底神殿・レクスノート邸,マップログ,レクスノート邸 地下迷宮,REXNOTE_BASEMENT,5,,書架を調べる,航路用の魔導具、結界、領内の水路管理など、旧レクスノート領で使われた術式の記録が並んでいる。,"(4,9)",,log,map.js,mapActions.0,,
141,第4段階 水上都市・海底神殿・レクスノート邸,進行制限ログ,レクスノート邸 地下迷宮,REXNOTE_BASEMENT,5,,レクスノート邸へ戻る,守護術式が帰還陣を封じている。,"(12,1)",requiredFlag=rexnoteRegulusDefeated,lockedLog,map.js,floorLinks.1,,
142,第5段階 雷の要塞,ストーリーLOG,ライザーク要塞,,,thunder_guild_undersea_volcano_briefing,,バロンたちを追い、カザリアよりさらに北東の海にある海底火山へ向かおう。,,,LOG action,story.js:7619,actions.6,,
143,第5段階 雷の要塞,ストーリーLOG,ライザーク要塞,,,thunder_fort_claude_luna_arrival,,ルーナは生きていた。救護所で休ませ、ギルド区画でクロードから光の宮殿の出来事を聞こう。,,,LOG action,story.js:7696,actions.4,,
144,第5段階 雷の要塞,マップログ,ライザーク要塞,THUNDER_FORT,1,,,依頼掲示板が置かれている。,"(8,19)",,log,map.js,blockingObjects.6,,
145,第5段階 雷の要塞,マップログ,ライザーク要塞,THUNDER_FORT,1,,,依頼掲示板が置かれている。,"(9,19)",,log,map.js,blockingObjects.7,,
146,第5段階 雷の要塞,マップログ,ライザーク要塞,THUNDER_FORT,1,,,依頼掲示板が置かれている。,"(9,20)",,log,map.js,blockingObjects.8,,
147,第5段階 雷の要塞,マップログ,ライザーク要塞,THUNDER_FORT,1,,,冒険者ギルドの受付カウンターだ。,"(7,20)",,log,map.js,blockingObjects.0,,
148,第5段階 雷の要塞,マップログ,ライザーク要塞,THUNDER_FORT,1,,,冒険者ギルドの受付カウンターだ。,"(3,21)",,log,map.js,blockingObjects.1,,
149,第5段階 雷の要塞,マップログ,ライザーク要塞,THUNDER_FORT,1,,,冒険者ギルドの受付カウンターだ。,"(4,21)",,log,map.js,blockingObjects.2,,
150,第5段階 雷の要塞,マップログ,ライザーク要塞,THUNDER_FORT,1,,,冒険者ギルドの受付カウンターだ。,"(5,21)",,log,map.js,blockingObjects.3,,
151,第5段階 雷の要塞,マップログ,ライザーク要塞,THUNDER_FORT,1,,,冒険者ギルドの受付カウンターだ。,"(6,21)",,log,map.js,blockingObjects.4,,
152,第5段階 雷の要塞,マップログ,ライザーク要塞,THUNDER_FORT,1,,,冒険者ギルドの受付カウンターだ。,"(7,21)",,log,map.js,blockingObjects.5,,
153,第5段階 雷の要塞,マップログ,ライザーク要塞,THUNDER_FORT,1,,,簡素な寝台が並んでいる。,"(27,20)",,log,map.js,blockingObjects.9,,
154,第5段階 雷の要塞,マップログ,ライザーク要塞,THUNDER_FORT,1,,,簡素な寝台が並んでいる。,"(29,20)",,log,map.js,blockingObjects.10,,
155,第5段階 雷の要塞,マップログ,ライザーク要塞,THUNDER_FORT,1,,,簡素な寝台が並んでいる。,"(27,23)",,log,map.js,blockingObjects.13,,
156,第5段階 雷の要塞,マップログ,ライザーク要塞,THUNDER_FORT,1,,,簡素な寝台が並んでいる。,"(29,23)",,log,map.js,blockingObjects.14,,
157,第5段階 雷の要塞,マップログ,ライザーク要塞,THUNDER_FORT,1,,,要塞の宿泊所に備えられた寝台だ。,"(27,21)",,log,map.js,blockingObjects.11,,
158,第5段階 雷の要塞,マップログ,ライザーク要塞,THUNDER_FORT,1,,,要塞の宿泊所に備えられた寝台だ。,"(29,21)",,log,map.js,blockingObjects.12,,
159,第5段階 雷の要塞,マップログ,ライザーク要塞,THUNDER_FORT,1,,,要塞の宿泊所に備えられた寝台だ。,"(27,24)",,log,map.js,blockingObjects.15,,
160,第5段階 雷の要塞,マップログ,ライザーク要塞,THUNDER_FORT,1,,,要塞の宿泊所に備えられた寝台だ。,"(29,24)",,log,map.js,blockingObjects.16,,
161,第5段階 雷の要塞,マップログ,ライザーク要塞,THUNDER_FORT,1,,ゼリードと話す,ゼリード「今は記録を辿ろう。俺が逃げた分までな。」,,,log,map.js,mapActors.0.states.1.action,,
162,第5段階 雷の要塞,マップログ,ライザーク要塞,THUNDER_FORT,1,,ゼリードと話す,ゼリードが、捨てられなかった古い紙片を眺めている。,,questId=arel_kagetora_appeal,log,map.js,mapActors.0.states.0.action,,
163,第5段階 雷の要塞,マップログ,ライザーク要塞,THUNDER_FORT,1,,バロンと話す,バロンが、雷の制御核へ向けて武器を握り直している。,,questId=frieda_baron_thunder_depths,log,map.js,mapActors.5.states.2.action,,
164,第5段階 雷の要塞,マップログ,ライザーク要塞,THUNDER_FORT,1,,フリーダと話す,フリーダが、高圧電流の先を見据えている。,,questId=frieda_baron_thunder_depths,log,map.js,mapActors.4.states.1.action,,
165,第5段階 雷の要塞,マップログ,ライザーク要塞,THUNDER_FORT,1,,リンと話す,リンが、雷鳴の奥に残る魔物の気配を追っている。,,questId=rin_thunder_fort,log,map.js,mapActors.3.states.0.action,,
166,第5段階 雷の要塞,マップログ,ライザーク要塞,THUNDER_FORT,1,,三人の話を聞く,バロンたちは海底火山へ向かう準備をしている。,,eventId=thunder_guild_undersea_volcano_briefing,log,map.js,mapActors.5.states.1.action,,
167,第5段階 雷の要塞,マップログ,ライザーク要塞,THUNDER_FORT,1,,三人の話を聞く,フリーダたちは海底火山へ向かう準備をしている。,,eventId=thunder_guild_undersea_volcano_briefing,log,map.js,mapActors.4.states.0.action,,
168,第5段階 雷の要塞,マップログ,ライザーク要塞,THUNDER_FORT,1,,三人の話を聞く,マリーは海底火山へ向かう覚悟を決めている。,,eventId=thunder_guild_undersea_volcano_briefing,log,map.js,mapActors.12.states.1.action,,
169,第5段階 雷の要塞,マップログ,ライザーク要塞,THUNDER_FORT,1,,依頼掲示板を見る,各地から届いた依頼票が掲示されている。,"(8,20)",,log,map.js,mapActions.0,,
170,第5段階 雷の要塞,マップログ,ライザーク要塞,THUNDER_FORT,1,,冒険者と話す,冒険者は避難路を確保しながら暴走する敵を食い止めている。,,eventId=thunder_fort_adventurer_crisis,log,map.js,mapActors.10.states.1.action,,
171,第5段階 雷の要塞,マップログ,ライザーク要塞,THUNDER_FORT,1,,前線を押し返す,バロンが救護区画へ続く通路を守っている。,,eventId=thunder_fort_demon_assault_wave1,log,map.js,mapActors.5.states.0.action,,
172,第5段階 雷の要塞,マップログ,ライザーク要塞,THUNDER_FORT,1,,受付職員と話す,受付職員が丁寧に一礼した。,,,log,map.js,mapActors.1.states.0.action,,
173,第5段階 雷の要塞,マップログ,ライザーク要塞,THUNDER_FORT,1,,救護区画を守る,別働隊が救護所へ迫っている。,,eventId=thunder_fort_demon_assault_wave2,log,map.js,mapActors.12.states.0.action,,
174,第5段階 雷の要塞,マップログ,ライザーク要塞,THUNDER_FORT,1,,暗黒騎士と話す,暗黒騎士は居住区を無視して中枢だけを見ている。,,eventId=thunder_fort_dark_knight_crisis,log,map.js,mapActors.11.states.0.action,,
175,第5段階 雷の要塞,マップログ,ライザーク要塞,THUNDER_FORT,1,,東門から外に出る,門の向こうに、うっすらと光の神殿が見える。,"(31,14)",requiredFlag=thunderFortCleared,log,map.js,floorLinks.1,,
176,第5段階 雷の要塞,マップログ,ライザーク要塞,THUNDER_FORT,1,,武器を見る,押収された武器が整備されている。,,,log,map.js,mapActors.7.states.0.action,,
177,第5段階 雷の要塞,マップログ,ライザーク要塞,THUNDER_FORT,1,,海底火山の場所を聞く,冒険者は海図の東端に指を置いている。,,eventId=undersea_volcano_route_hint_thunder,log,map.js,mapActors.10.states.0.action,,
178,第5段階 雷の要塞,マップログ,ライザーク要塞,THUNDER_FORT,1,,無料で休む,宿泊所の係員が空いている寝台を案内してくれた。,,,log,map.js,mapActors.2.states.0.action,,
179,第5段階 雷の要塞,マップログ,ライザーク要塞,THUNDER_FORT,1,,補給品を買う,解放された要塞に補給隊が入っている。,,,log,map.js,mapActors.6.states.0.action,,
180,第5段階 雷の要塞,マップログ,ライザーク要塞,THUNDER_FORT,1,,西門から外に出る,西門の向こうに、川沿いの岸辺が見える。,"(1,14)",,log,map.js,floorLinks.0,,
181,第5段階 雷の要塞,マップログ,ライザーク要塞,THUNDER_FORT,1,,解放兵と話す,解放された兵が深く息を吐いている。,,eventId=post_thunder_fort_base_1,log,map.js,mapActors.9.states.0.action,,
182,第5段階 雷の要塞,マップログ,ライザーク要塞,THUNDER_FORT,1,,防具を見る,雷対策の防具が並び始めている。,,,log,map.js,mapActors.8.states.0.action,,
183,第5段階 雷の要塞,マップログ,ライザーク要塞,THUNDER_FORT,1,,騒ぎを確かめる,救護所の前に人が集まっている。,,eventId=thunder_fort_claude_luna_arrival,log,map.js,mapActors.13.states.0.action,,
184,第5段階 雷の要塞,利用不可メッセージ,ライザーク要塞,THUNDER_FORT,1,,ゼリードと話す,今はまだ、十年前の記録を追う時ではないようだ。,,questId=arel_kagetora_appeal,lockedText,map.js,mapActors.0.states.0.action,,
185,第5段階 雷の要塞,利用不可メッセージ,ライザーク要塞,THUNDER_FORT,1,,バロンと話す,今はまだ、要塞深部の電流を越える加護が足りない。,,questId=frieda_baron_thunder_depths,lockedText,map.js,mapActors.5.states.2.action,,
186,第5段階 雷の要塞,利用不可メッセージ,ライザーク要塞,THUNDER_FORT,1,,フリーダと話す,今はまだ、要塞深部の電流を越える加護が足りない。,,questId=frieda_baron_thunder_depths,lockedText,map.js,mapActors.4.states.1.action,,
187,第5段階 雷の要塞,利用不可メッセージ,ライザーク要塞,THUNDER_FORT,1,,リンと話す,リンはまだ、光を導く者の到着を待っている。,,questId=rin_thunder_fort,lockedText,map.js,mapActors.3.states.0.action,,
188,第5段階 雷の要塞,利用不可メッセージ,ライザーク要塞,THUNDER_FORT,1,,武器を見る,武器庫は封鎖されている。,,,lockedText,map.js,mapActors.7.states.0.action,,
189,第5段階 雷の要塞,利用不可メッセージ,ライザーク要塞,THUNDER_FORT,1,,補給品を買う,まだ補給隊は入れないようだ。,,,lockedText,map.js,mapActors.6.states.0.action,,
190,第5段階 雷の要塞,利用不可メッセージ,ライザーク要塞,THUNDER_FORT,1,,解放兵と話す,雷の轟きで声が届かない。,,eventId=post_thunder_fort_base_1,lockedText,map.js,mapActors.9.states.0.action,,
191,第5段階 雷の要塞,利用不可メッセージ,ライザーク要塞,THUNDER_FORT,1,,防具を見る,防具庫は封鎖されている。,,,lockedText,map.js,mapActors.8.states.0.action,,
192,第5段階 雷の要塞,調査ログ,ライザーク要塞,THUNDER_FORT,1,,機械兵士と戦う,一際危険なオーラを纏う機械兵士が佇んでいる…,"(16,14)",monsterId=852,inspectLog,map.js,bosses.0,,
193,第5段階 雷の要塞,進行制限ログ,ライザーク要塞,THUNDER_FORT,1,,東門から外に出る,東門は雷の結界で閉ざされている…,"(31,14)",requiredFlag=thunderFortCleared,lockedLog,map.js,floorLinks.1,,
194,第5段階 雷の要塞,利用不可メッセージ,ライザーク要塞,THUNDER_FORT,4,,雷のプリズムに呼びかける,雷のプリズムは、まだこちらの声に応えない。,"(16,4)","requiredFlags=['abyssSpiritPilgrimageStarted', 'thunderFortCleared']",lockedText,map.js,mapActions.0,,
195,第5段階 雷の要塞,進行制限ログ,ライザーク要塞,THUNDER_FORT,4,,5階へ上がる,高圧電流が迸り、今は進めない。,"(26,4)",requiredFlag=lightPalaceCleared,lockedLog,map.js,floorLinks.1,,
196,第5段階 雷の要塞,マップログ,ライザーク要塞,THUNDER_FORT,5,,左の雷導スイッチを押す,左の雷導スイッチに手を置いた。,"(10,4)",,log,map.js,mapActions.0,,
197,第5段階 雷の要塞,マップログ,ライザーク要塞,THUNDER_FORT,5,,東の雷導スイッチを押す,右の雷導スイッチに手を置いた。,"(22,4)",,log,map.js,mapActions.1,,
198,第5段階 雷の要塞,移動・操作メッセージ,ライザーク要塞,THUNDER_FORT,5,,,雷流が反転した。,"(29,18)",,message,map.js,tileEffects.1,,
199,第5段階 雷の要塞,移動・操作メッセージ,ライザーク要塞,THUNDER_FORT,5,,,雷流に弾かれた。,"(3,18)",,message,map.js,tileEffects.0,,
200,第5段階 雷の要塞,移動・操作メッセージ,ライザーク要塞,THUNDER_FORT,5,thunder_deep_guard,,雷鎧の強敵が迫る！,"(26,22)",,message,map.js,tileEffects.2,,
201,第5段階 雷の要塞,移動・操作メッセージ,ライザーク要塞,THUNDER_FORT,6,thunder_core_guard,,制御核の守衛が迫る！,"(26,18)",,message,map.js,tileEffects.0,,
202,第5段階 雷の要塞,調査ログ,ライザーク要塞,THUNDER_FORT,6,,制御核を止める,フリーダとバロンが、雷の核へ同時に武器を構えている。,"(16,8)","requiredFlag=underseaVolcanoCleared; questId=frieda_baron_thunder_depths; monsterId=[303204, 901]",inspectLog,map.js,bosses.0,,
203,第6段階 大灯台・海底火山・光の宮殿回想,進行制限ログ,海底火山,UNDERSEA_VOLCANO,3,,破壊された隔壁の先へ,重い隔壁には古い錠が残っている。こちら側から壊せる造りではない。,,requiredFlag=underseaVolcanoRouteOpened,lockedLog,map.js,proceduralNextLink,,
204,第6段階 大灯台・海底火山・光の宮殿回想,マップログ,海底火山,UNDERSEA_VOLCANO,4,,研究記録を調べる,火の力を長期間肉体へ馴染ませるための観測記録が残されている。海水圧と周囲の水属性を安全弁として利用していたようだ。,"(9,7)",,log,map.js,mapActions.0,,
205,第7段階 光の宮殿・結晶樹,ストーリーLOG,光の宮殿グランプリズマ,,,arel_kagetora_appeal_found_phase8e,,『王への上申書』を手に入れた。アレルが十年前に統合の儀を止めようとしていた原本だ。,,,LOG action,story.js:7499,actions.4,,
206,第7段階 光の宮殿・結晶樹,ストーリーLOG,光の宮殿グランプリズマ,,,light_palace_final_locked_prison,,地下牢の主要な生存者を確認しよう。,,,LOG action,story.js:5828,actions.1,,
207,第7段階 光の宮殿・結晶樹,ストーリーLOG,光の宮殿グランプリズマ,,,arel_kagetora_palace_order_phase8e,,水上都市のハヤテへ、ゼリード自身の言葉で真実を伝えよう。,,,LOG action,story.js:7480,actions.3,,
208,第7段階 光の宮殿・結晶樹,マップログ,光の宮殿グランプリズマ,LIGHT_PALACE,1,,巡礼者と話す,巡礼者が割れたステンドグラスを集めている。,,eventId=post_light_palace_base_1,log,map.js,mapActors.3.states.0.action,,
209,第7段階 光の宮殿・結晶樹,マップログ,光の宮殿グランプリズマ,LIGHT_PALACE,1,,武器を見る,白光を帯びた武器が整えられている。,,,log,map.js,mapActors.1.states.0.action,,
210,第7段階 光の宮殿・結晶樹,マップログ,光の宮殿グランプリズマ,LIGHT_PALACE,1,,聖薬を買う,巡礼者の補給所が開かれている。,,,log,map.js,mapActors.0.states.0.action,,
211,第7段階 光の宮殿・結晶樹,マップログ,光の宮殿グランプリズマ,LIGHT_PALACE,1,,防具を見る,浄化された防具が並んでいる。,,,log,map.js,mapActors.2.states.0.action,,
212,第7段階 光の宮殿・結晶樹,利用不可メッセージ,光の宮殿グランプリズマ,LIGHT_PALACE,1,,巡礼者と話す,光の宮殿グランプリズマはまだ緊張に包まれている。,,eventId=post_light_palace_base_1,lockedText,map.js,mapActors.3.states.0.action,,
213,第7段階 光の宮殿・結晶樹,利用不可メッセージ,光の宮殿グランプリズマ,LIGHT_PALACE,1,,武器を見る,武器庫は沈黙している。,,,lockedText,map.js,mapActors.1.states.0.action,,
214,第7段階 光の宮殿・結晶樹,利用不可メッセージ,光の宮殿グランプリズマ,LIGHT_PALACE,1,,聖薬を買う,まだ巡礼者は戻っていない。,,,lockedText,map.js,mapActors.0.states.0.action,,
215,第7段階 光の宮殿・結晶樹,利用不可メッセージ,光の宮殿グランプリズマ,LIGHT_PALACE,1,,防具を見る,防具庫は閉ざされている。,,,lockedText,map.js,mapActors.2.states.0.action,,
216,第7段階 光の宮殿・結晶樹,調査ログ,光の宮殿グランプリズマ,LIGHT_PALACE,1,,白光の番兵と戦う,金の鍵を携えた番兵が白い回廊を守っている。,"(27,6)",missingFlag=lightPalaceFlashbackActive; monsterId=952,inspectLog,map.js,bosses.0,,
217,第7段階 光の宮殿・結晶樹,利用不可メッセージ,光の宮殿グランプリズマ,LIGHT_PALACE,4,,光のプリズムに呼びかける,光のプリズムは、まだこちらの声に応えない。,"(17,8)","requiredFlags=['abyssSpiritPilgrimageStarted', 'lightPalaceCleared']",lockedText,map.js,mapActions.1,,
218,第7段階 光の宮殿・結晶樹,ストーリーLOG,結晶樹の秘跡,,,crystal_tree_cycle_crystal_ritual_phase17,,六つの結晶片が揃っていない。,,,LOG action,story.js:6206,actions.0.else.0.else.0,,
219,第7段階 光の宮殿・結晶樹,ストーリーLOG,結晶樹の秘跡,,,crystal_tree_cycle_crystal_ritual_phase17,,輪廻の結晶を携え、深淵の奥へ戻ろう。,,,LOG action,story.js:6206,actions.0.else.0.then.3,,
220,第7段階 光の宮殿・結晶樹,ストーリーLOG,結晶樹の秘跡,,,crystal_tree_post_clear_checkpoint,,闇のプリズムを自分たちの目で確かめるため、魔王城へ向かうことになった。,,,LOG action,story.js:6178,actions.0.else.13,,
221,第8段階 ガルヴァニア・魔王城,移動・操作メッセージ,奈落への洞窟,GALVANIA_CAVE,1,,,脆い横穴が崩れ、少し手前へ押し戻された。,"(52,13)",,message,map.js,tileEffects.1,,
222,第8段階 ガルヴァニア・魔王城,移動・操作メッセージ,奈落への洞窟,GALVANIA_CAVE,1,galvania_f1_black_scout_v2,,黒岩の隙間から、侵食に追われた魔物が飛び出した！,"(7,23)",,message,map.js,tileEffects.0,,
223,第8段階 ガルヴァニア・魔王城,移動・操作メッセージ,奈落への洞窟,GALVANIA_CAVE,2,,,どこかに移動したようだ…,"(20,24)",,message,map.js,tileEffects.6,,
224,第8段階 ガルヴァニア・魔王城,移動・操作メッセージ,奈落への洞窟,GALVANIA_CAVE,2,,,一歩進んだはずが、また最初の柱を見上げている。,"(32,24)",,message,map.js,tileEffects.2,,
225,第8段階 ガルヴァニア・魔王城,移動・操作メッセージ,奈落への洞窟,GALVANIA_CAVE,2,,,内側の回廊に吸い込まれた。,"(50,28)",,message,map.js,tileEffects.5,,
226,第8段階 ガルヴァニア・魔王城,移動・操作メッセージ,奈落への洞窟,GALVANIA_CAVE,2,,,同じ石柱の前へ戻された。,"(18,28)",,message,map.js,tileEffects.0,,
227,第8段階 ガルヴァニア・魔王城,移動・操作メッセージ,奈落への洞窟,GALVANIA_CAVE,2,,,外周を回りきったはずの道が、また入口側へつながっていた。,"(54,20)",,message,map.js,tileEffects.4,,
228,第8段階 ガルヴァニア・魔王城,移動・操作メッセージ,奈落への洞窟,GALVANIA_CAVE,2,,,輪の中心から、始まりの横穴へ放り出された。,"(36,20)",,message,map.js,tileEffects.7,,
229,第8段階 ガルヴァニア・魔王城,移動・操作メッセージ,奈落への洞窟,GALVANIA_CAVE,2,,,道が不安定に変化した・・・,"(25,28)",,message,map.js,tileEffects.1,,
230,第8段階 ガルヴァニア・魔王城,移動・操作メッセージ,奈落への洞窟,GALVANIA_CAVE,2,,,闇の風に巻かれ、どこかへ移動した。,"(46,28)",,message,map.js,tileEffects.3,,
231,第8段階 ガルヴァニア・魔王城,移動・操作メッセージ,奈落への洞窟,GALVANIA_CAVE,3,galvania_f3_ash_daemon_v2,,溶岩霧の向こうから、侵食に濁った魔物が這い出した！,"(36,28)",,message,map.js,tileEffects.0,,
232,第8段階 ガルヴァニア・魔王城,移動・操作メッセージ,奈落への洞窟,GALVANIA_CAVE,4,galvania_f4_frost_hound_v2,,氷壁の裂け目から、侵食獣が滑るように迫ってきた！,"(55,13)",,message,map.js,tileEffects.1,,
233,第8段階 ガルヴァニア・魔王城,移動・操作メッセージ,奈落への洞窟,GALVANIA_CAVE,4,,,氷晶の床に足を取られ、止まるまで滑った！,,,message,map.js,tileEffects.0,,
234,第8段階 ガルヴァニア・魔王城,移動・操作メッセージ,奈落への洞窟,GALVANIA_CAVE,5,galvania_f5_supply_overseer_v2,,崩れた補給路から、深淵側の魔物がなだれ込んできた！,"(48,21)",,message,map.js,tileEffects.0,,
235,第8段階 ガルヴァニア・魔王城,移動・操作メッセージ,奈落への洞窟,GALVANIA_CAVE,6,galvania_f6_royal_rearguard_v2,,最終防衛線を越えた魔物が、祭壇側から迫ってきた！,"(50,21)",,message,map.js,tileEffects.0,,
236,第8段階 ガルヴァニア・魔王城,マップログ,魔王城ガルヴァニア,DARK_CASTLE,1,,,重厚な燭台が道を塞いでいる。,"(15,5)",,log,map.js,blockingObjects.0,,
237,第8段階 ガルヴァニア・魔王城,マップログ,魔王城ガルヴァニア,DARK_CASTLE,1,,,重厚な燭台が道を塞いでいる。,"(17,5)",,log,map.js,blockingObjects.1,,
238,第8段階 ガルヴァニア・魔王城,マップログ,魔王城ガルヴァニア,DARK_CASTLE,1,,魔族兵と話す,魔族兵が城門の修復計画を見ている。,,eventId=post_dark_castle_base_1,log,map.js,mapActors.0.states.0.action,,
239,第8段階 ガルヴァニア・魔王城,利用不可メッセージ,魔王城ガルヴァニア,DARK_CASTLE,1,,魔族兵と話す,魔族兵は警戒している。,,eventId=post_dark_castle_base_1,lockedText,map.js,mapActors.0.states.0.action,,
240,第8段階 ガルヴァニア・魔王城,移動・操作メッセージ,魔王城ガルヴァニア,DARK_CASTLE,2,dark_castle_west_patrol,,西館の巡察兵が迫る！,"(25,22)",,message,map.js,tileEffects.2,,
241,第8段階 ガルヴァニア・魔王城,移動・操作メッセージ,魔王城ガルヴァニア,DARK_CASTLE,2,,,黒鏡が元の廊下へ返した。,"(23,15)",,message,map.js,tileEffects.1,,
242,第8段階 ガルヴァニア・魔王城,移動・操作メッセージ,魔王城ガルヴァニア,DARK_CASTLE,2,,,黒鏡の回廊が左右を入れ替えた。,"(11,15)",,message,map.js,tileEffects.0,,
243,第8段階 ガルヴァニア・魔王城,移動・操作メッセージ,魔王城ガルヴァニア,DARK_CASTLE,4,dark_castle_east_patrol,,東館の追跡者が迫る！,"(7,22)",,message,map.js,tileEffects.2,,
244,第8段階 ガルヴァニア・魔王城,移動・操作メッセージ,魔王城ガルヴァニア,DARK_CASTLE,4,,,風哭の門が東西を反転した。,"(10,15)",,message,map.js,tileEffects.0,,
245,第8段階 ガルヴァニア・魔王城,移動・操作メッセージ,魔王城ガルヴァニア,DARK_CASTLE,4,,,風哭の門が閉じた。,"(22,15)",,message,map.js,tileEffects.1,,
246,第8段階 ガルヴァニア・魔王城,移動・操作メッセージ,魔王城ガルヴァニア,DARK_CASTLE,6,,,夢の継ぎ目から戻った。,"(23,20)",,message,map.js,tileEffects.1,,
247,第8段階 ガルヴァニア・魔王城,移動・操作メッセージ,魔王城ガルヴァニア,DARK_CASTLE,6,dark_castle_dream_guard,,夢幻の番人が迫る！,"(25,9)",,message,map.js,tileEffects.2,,
248,第8段階 ガルヴァニア・魔王城,移動・操作メッセージ,魔王城ガルヴァニア,DARK_CASTLE,6,,,夢幻回廊が景色を裏返した。,"(9,10)",,message,map.js,tileEffects.0,,
249,第8段階 ガルヴァニア・魔王城,マップログ,魔王城ガルヴァニア,DARK_CASTLE,7,,玉座の間を見渡す,滅びた玉座の前で、赤い空だけが静かに揺れている。,"(21,14)",,log,map.js,mapActions.1,,
250,第8段階 ガルヴァニア・魔王城,利用不可メッセージ,魔王城ガルヴァニア,DARK_CASTLE,7,,闇のプリズムに呼びかける,闇のプリズムは、まだこちらの声に応えない。,"(16,5)","requiredFlags=['abyssSpiritPilgrimageStarted', 'darkCastleCleared']",lockedText,map.js,mapActions.2,,
251,第10段階以降 深淵,マップログ,最果ての地カルメナ,CARMENA,MAP000054-00,,,二将の背後で、北門が固く閉ざされている。,"(19,2)",missingFlag=abyssCarmenaGateCleared,log,map.js,blockingObjects.0,,
252,第10段階以降 深淵,マップログ,最果ての地カルメナ,CARMENA,MAP000054-00,,宿に泊まる,黒曜石の壁に、淡い灯がともっている。,"(10,20)",,log,map.js,mapActions.0,,
253,第10段階以降 深淵,マップログ,最果ての地カルメナ,CARMENA,MAP000054-00,,黒い泉から地上へ戻る,黒い水面の奥に、地上へ続く光が揺れている。,"(19,26)",,log,map.js,mapActions.2,,
254,第10段階以降 深淵,利用不可メッセージ,最果ての地カルメナ,CARMENA,MAP000054-00,,,二将が門を守っている。,"(19,0)",requiredFlag=abyssCarmenaGateCleared,lockedText,map.js,worldExits.0,,
255,第10段階以降 深淵,ストーリーLOG,混沌魔城レガシオン,,,abyss_legacion_alan_rejoin_phase8f,,アランが再び仲間に加わった。,,,LOG action,story.js:9082,actions.1.yes.6,,
256,第10段階以降 深淵,利用不可メッセージ,混沌魔城レガシオン,LEGACION,MAP000056-00,,,北門はまだ閉ざされている。,"(24,0)",requiredFlag=abyssLegacionNorthGateOpen,lockedText,map.js,worldExits.1,,
257,第10段階以降 深淵,利用不可メッセージ,混沌魔城レガシオン,LEGACION,MAP000056-00,,カジノに入る,店内はまだ準備中のようだ。,"(38,32)",requiredFlag=abyssEpilogueSeen,lockedText,map.js,mapActions.6,,
258,第10段階以降 深淵,利用不可メッセージ,混沌魔城レガシオン,LEGACION,MAP000056-00,,技法書を見る,深淵王との戦いを見届けた者だけが利用できる。,"(32,25)",requiredFlag=abyssEpilogueSeen,lockedText,map.js,mapActions.5,,
259,時期未確定・休眠/補助,ストーリーLOG,,,,abyss_jasper_clear,,アランが再び仲間に加わった。,,,LOG action,story.js:8950,actions.3.then.1.yes.6,,
260,時期未確定・休眠/補助,ストーリーLOG,,,,light_palace_alan_betrayal,,アランが離脱した。地下牢へ戻り、捕らわれていた人々を保護しよう。,,,LOG action,story.js:5989,actions.0.else.6,,
261,時期未確定・休眠/補助,ストーリーLOG,,,,abyss_jasper_clear,,アランは混沌魔城レガシオンへ戻った。,,,LOG action,story.js:8950,actions.3.then.1.no.2,,
262,時期未確定・休眠/補助,ストーリーLOG,,,,integration_altar_alan_clear_phase8e,,アランは生き残った。統合の祭壇中央の亀裂を調べよう。,,,LOG action,story.js:7540,actions.1.then.1.yes.4,,
263,時期未確定・休眠/補助,ストーリーLOG,,,,integration_altar_alan_clear_phase8e,,アランは統合の祭壇で命を落とした。中央の亀裂を調べよう。,,,LOG action,story.js:7540,actions.1.then.1.no.4,,
264,時期未確定・休眠/補助,ストーリーLOG,,,,quest_arisa_haine_clear,,アリサとハイネが仲間に加わった。水上都市へ戻ろう。,,,LOG action,story.js:6420,actions.5,,
265,時期未確定・休眠/補助,ストーリーLOG,,,,water_city_sophia,,クレナ鍾乳洞で青の結晶を探そう。,,,LOG action,story.js:7891,actions.7,,
266,時期未確定・休眠/補助,ストーリーLOG,,,,light_palace_flashback_escape_end,,クロードの回想を聞き終えた。光の宮殿へ向かおう。,,,LOG action,story.js:7762,actions.5,,
267,時期未確定・休眠/補助,ストーリーLOG,,,,thunder_veld_loss,,ジョセフが同行した。大灯台へ向かおう。,,,LOG action,story.js:8102,actions.8,,
268,時期未確定・休眠/補助,ストーリーLOG,,,,thunder_fort_demon_assault_arrival,,バロンたちと合流し、救護区画へ進む魔王軍を退けよう。,,,LOG action,story.js:6022,actions.3,,
269,時期未確定・休眠/補助,ストーリーLOG,,,,rexnote_regulus_clear,,レクスノートの魔道書をアランへ届けよう。,,,LOG action,story.js:7307,actions.5,,
270,時期未確定・休眠/補助,ストーリーLOG,,,,water_city_riot_wave_4_clear,,中央広場へ向かい、最後の暗黒騎士部隊を止めよう。,,,LOG action,story.js:7159,actions.2,,
271,時期未確定・休眠/補助,ストーリーLOG,,,,water_city_riot_wave_2_clear,,中央水路へ急ぎ、避難路を確保しよう。,,,LOG action,story.js:7121,actions.2,,
272,時期未確定・休眠/補助,ストーリーLOG,,,,abyss_spirit_trial_fire_intro,,今は試練を受けないことにした。,,,LOG action,story.js:,actions.2.no.0,,
273,時期未確定・休眠/補助,ストーリーLOG,,,,abyss_final_altar_encounter,,六つの結晶片が震えるだけで、祭壇の圧に押し戻される。結晶樹へ戻ろう。,,,LOG action,story.js:8985,actions.0.then.0.then.0.else.0,,
274,時期未確定・休眠/補助,ストーリーLOG,,,,abyss_spirit_trials_octaprism_grant,,六つの結晶片を持ち、結晶樹の秘跡へ戻ろう。,,,LOG action,story.js:,actions.0.then.0.then.2,,
275,時期未確定・休眠/補助,ストーリーLOG,,,,abyss_final_altar_encounter,,六精霊すべての加護を得るまでは、終焉の祭壇の力に抗えそうにない。,,,LOG action,story.js:8985,actions.0.then.0.else.0,,
276,時期未確定・休眠/補助,ストーリーLOG,,,,thunder_fort_demon_assault_wave1_clear,,別働隊が救護区画へ回った。マリーたちと合流しよう。,,,LOG action,story.js:6038,actions.2,,
277,時期未確定・休眠/補助,ストーリーLOG,,,,water_city_riot_wave_3_clear,,北側の橋へ回り、負傷者の退路を守ろう。,,,LOG action,story.js:7140,actions.2,,
278,時期未確定・休眠/補助,ストーリーLOG,,,,abyss_carmena_gate_clear,,北門の二将の討伐記録を確認できなかった。門はまだ閉ざされている。,,,LOG action,story.js:8893,actions.0.else.0,,
279,時期未確定・休眠/補助,ストーリーLOG,,,,light_palace_overpower_clear,,地下牢に囚われた人々の様子を確かめよう。,,,LOG action,story.js:6229,actions.4,,
280,時期未確定・休眠/補助,ストーリーLOG,,,,light_palace_clear,,地下牢に囚われた人々の様子を確かめよう。,,,LOG action,story.js:6289,actions.4,,
281,時期未確定・休眠/補助,ストーリーLOG,,,,light_palace_check_prison_rescue,,地下牢の主要な生存者を確認した。光の祭壇へ進もう。,,,LOG action,story.js:5952,actions.0.else.0.then.0.then.0.then.3,,
282,時期未確定・休眠/補助,ストーリーLOG,,,,quest_fire_holy_water_clear,,妖精の聖水を得た。イグナ火山へ戻ろう。,,,LOG action,story.js:6332,actions.4,,
283,時期未確定・休眠/補助,ストーリーLOG,,,,start_boss_clear,,巨大な化け物を打ち倒した…！,,,LOG action,story.js:5519,actions.3,,
284,時期未確定・休眠/補助,ストーリーLOG,,,,abyss_spirit_trial_fire_retry,,態勢を整えてから戻ることにした。,,,LOG action,story.js:,actions.1.no.0,,
285,時期未確定・休眠/補助,ストーリーLOG,,,,wind_forest_guardians_clear,,森の守護者が金の鍵を託した。森の奥にある風の神殿の石門へ向かおう。,,,LOG action,story.js:6924,actions.5,,
286,時期未確定・休眠/補助,ストーリーLOG,,,,water_temple_clear,,水上都市で暗黒騎士が暴動を起こした。急いで街へ戻ろう。,,,LOG action,story.js:8007,actions.7,,
287,時期未確定・休眠/補助,ストーリーLOG,,,,thunder_fort_luna_awakening,,水上都市のソフィアを訪ね、結晶樹へ至る手掛かりを聞こう。,,,LOG action,story.js:6053,actions.0.else.9,,
288,時期未確定・休眠/補助,ストーリーLOG,,,,water_city_riot_suppressed,,水上都市の暴動は鎮圧された。街の様子を確かめ、ソフィアと話そう。,,,LOG action,story.js:7178,actions.6,,
289,時期未確定・休眠/補助,ストーリーLOG,,,,fire_volcano_glad_clear,,火のプリズムに炎の力が戻った。炎の里へ報告しよう。,,,LOG action,story.js:6757,actions.4,,
290,時期未確定・休眠/補助,ストーリーLOG,,,,big_tower_clear,,第一結界源を破壊した。雷の要塞へ戻り、海底火山への道を確かめよう。,,,LOG action,story.js:5582,actions.7,,
291,時期未確定・休眠/補助,ストーリーLOG,,,,dark_castle_clear,,第二次統合が始まった。奈落への洞窟を越え、統合の祭壇へ急ごう。,,,LOG action,story.js:6315,actions.11,,
292,時期未確定・休眠/補助,ストーリーLOG,,,,undersea_grad_clear,,第二結界源を破壊した。雷の要塞へ戻ろう。,,,LOG action,story.js:7684,actions.6,,
293,時期未確定・休眠/補助,ストーリーLOG,,,,abyss_azelgarag_clear,,終焉の祭壇には、なお深い亀裂が残っている・・・,,,LOG action,story.js:,actions.8,,
294,時期未確定・休眠/補助,ストーリーLOG,,,,abyss_floor_100_epilogue,,終焉の祭壇へ至る道を探し、深淵王の影を断とう。,,,LOG action,story.js:8046,actions.4,,
295,時期未確定・休眠/補助,ストーリーLOG,,,,thunder_veld_forced_loss,,結界を解くため、大灯台へ向かおう。,,,LOG action,story.js:8056,actions.8,,
296,時期未確定・休眠/補助,ストーリーLOG,,,,water_city_riot_wave_1_clear,,西の船渠へ向かい、暴動した暗黒騎士を止めよう。,,,LOG action,story.js:7102,actions.2,,
297,時期未確定・休眠/補助,ストーリーLOG,,,,sea_temple_gate_clear,,鍵束を入手した。海底神殿の水門へ進もう。,,,LOG action,story.js:7952,actions.2,,
298,時期未確定・休眠/補助,ストーリーLOG,,,,thunder_armor_gate_clear,,隔壁が開いた。雷の制御炉へ向かおう。,,,LOG action,story.js:5676,actions.2,,
299,時期未確定・休眠/補助,ストーリーLOG,,,,quest_water_blue_crystal_clear,,青の結晶を得た。水上都市のソフィアへ届けよう。,,,LOG action,story.js:6342,actions.4,,
300,時期未確定・休眠/補助,ストーリーLOG,,,,wind_temple_clear,,風のプリズムに聖なる風が戻った。西の水上都市へ向かおう。,,,LOG action,story.js:6991,actions.5,,
301,時期未確定・休眠/補助,ストーリーLOG,,,,light_palace_liberation_after_betrayal,,魔王軍が雷の要塞へ侵入した。ルーナのいる救護区画へ急ごう。,,,LOG action,story.js:6008,actions.8,,
302,時期未確定・休眠/補助,マップログ,ガルヴァニア帝国,GALVANIA_EMPIRE,MAP000075-00,,品物を見る,閉じられていた商品箱が開かれ、旅の補給品が並んでいる。,,,log,map.js,mapActors.0.states.0.action,,
303,時期未確定・休眠/補助,マップログ,ガルヴァニア帝国,GALVANIA_EMPIRE,MAP000075-00,,城壁を見上げる,城壁の傷は外からの攻撃だけではない。帝国のさらに奥側へ向けて補修された箇所もある。,"(27,9)",,log,map.js,mapActions.3,,
304,時期未確定・休眠/補助,マップログ,ガルヴァニア帝国,GALVANIA_EMPIRE,MAP000075-00,,工兵と話す,"魔族工兵「そこ踏むな。まだ固まってない。」
壁の亀裂は、外からではなく帝国の深部側から押し広げられたように見える。",,,log,map.js,mapActors.6.states.0.action,,
305,時期未確定・休眠/補助,マップログ,ガルヴァニア帝国,GALVANIA_EMPIRE,MAP000075-00,,店先を見る,店主は商品箱を閉じたまま、こちらを警戒している。今は取引する気はないようだ。,,,log,map.js,mapActors.0.states.1.action,,
306,時期未確定・休眠/補助,マップログ,ガルヴァニア帝国,GALVANIA_EMPIRE,MAP000075-00,,店先を見る,防具職人は帳面を閉じた。城の緊張が解けるまでは、客として扱う気はないようだ。,,,log,map.js,mapActors.2.states.1.action,,
307,時期未確定・休眠/補助,マップログ,ガルヴァニア帝国,GALVANIA_EMPIRE,MAP000075-00,,救護区画を調べる,簡素な担架と薬箱が並ぶ。負傷兵を収容するための区画らしい。,"(8,20)",,log,map.js,mapActions.1,,
308,時期未確定・休眠/補助,マップログ,ガルヴァニア帝国,GALVANIA_EMPIRE,MAP000075-00,,武器を見る,止まっていた炉に火が入り、魔族の鍛冶師が武器を並べている。,,,log,map.js,mapActors.1.states.0.action,,
309,時期未確定・休眠/補助,マップログ,ガルヴァニア帝国,GALVANIA_EMPIRE,MAP000075-00,,補給倉庫を調べる,兵糧と修繕材が大量に積まれている。遠征の戦利品というより、長期防衛用の備蓄に見える。,"(46,20)",,log,map.js,mapActions.2,,
310,時期未確定・休眠/補助,マップログ,ガルヴァニア帝国,GALVANIA_EMPIRE,MAP000075-00,,鍛冶場を見る,炉は落とされ、武器は鎖で固定されている。鍛冶師は無言でこちらを見返した。,,,log,map.js,mapActors.1.states.1.action,,
311,時期未確定・休眠/補助,マップログ,ガルヴァニア帝国,GALVANIA_EMPIRE,MAP000075-00,,防具を見る,補修を終えた鎧や盾が、店先へ整然と並べ直されている。,,,log,map.js,mapActors.2.states.0.action,,
312,時期未確定・休眠/補助,マップログ,ガルヴァニア帝国,GALVANIA_EMPIRE,MAP000075-00,,魔王城へ入る,帝国中央の高台に、魔王城の正門がそびえている。,"(27,3)",requiredFlag=crystalTreeCleared,log,map.js,mapActions.0,,
313,時期未確定・休眠/補助,マップログ,ガルヴァニア渓谷,GALVANIA_GORGE,MAP000074-00,,,魔王軍の城壁と巨大な門扉が渓谷を完全に塞いでいる。今は越えられない。,"(24,12)",missingFlag=crystalTreeCleared,log,map.js,blockingObjects.0,,
314,時期未確定・休眠/補助,マップログ,ガルヴァニア渓谷,GALVANIA_GORGE,MAP000074-00,,,魔王軍の城壁と巨大な門扉が渓谷を完全に塞いでいる。今は越えられない。,"(24,13)",missingFlag=crystalTreeCleared,log,map.js,blockingObjects.1,,
315,時期未確定・休眠/補助,マップログ,ガルヴァニア渓谷,GALVANIA_GORGE,MAP000074-00,,,魔王軍の城壁と巨大な門扉が渓谷を完全に塞いでいる。今は越えられない。,"(24,14)",missingFlag=crystalTreeCleared,log,map.js,blockingObjects.2,,
316,時期未確定・休眠/補助,マップログ,ガルヴァニア渓谷,GALVANIA_GORGE,MAP000074-00,,,魔王軍の城壁と巨大な門扉が渓谷を完全に塞いでいる。今は越えられない。,"(24,15)",missingFlag=crystalTreeCleared,log,map.js,blockingObjects.3,,
317,時期未確定・休眠/補助,マップログ,ガルヴァニア渓谷,GALVANIA_GORGE,MAP000074-00,,,魔王軍の城壁と巨大な門扉が渓谷を完全に塞いでいる。今は越えられない。,"(24,16)",missingFlag=crystalTreeCleared,log,map.js,blockingObjects.4,,
318,時期未確定・休眠/補助,マップログ,ガルヴァニア渓谷,GALVANIA_GORGE,MAP000074-00,,,魔王軍の城壁と巨大な門扉が渓谷を完全に塞いでいる。今は越えられない。,"(24,17)",missingFlag=crystalTreeCleared,log,map.js,blockingObjects.5,,
319,時期未確定・休眠/補助,マップログ,ガルヴァニア渓谷,GALVANIA_GORGE,MAP000074-00,,,魔王軍の城壁と巨大な門扉が渓谷を完全に塞いでいる。今は越えられない。,"(24,18)",missingFlag=crystalTreeCleared,log,map.js,blockingObjects.6,,
320,時期未確定・休眠/補助,マップログ,ガルヴァニア渓谷,GALVANIA_GORGE,MAP000074-00,,倒れた魔族を調べる,魔族はすでに息をしていない。,,,log,map.js,mapActors.0.states.1.action,,
321,時期未確定・休眠/補助,マップログ,ガルヴァニア渓谷,GALVANIA_GORGE,MAP000074-00,,城門を調べる,魔王軍の城壁と巨大な門扉が渓谷を完全に塞いでいる。今は越えられない。,"(24,15)",missingFlag=crystalTreeCleared,log,map.js,mapActions.0,,
322,時期未確定・休眠/補助,マップログ,ガルヴァニア渓谷,GALVANIA_GORGE,MAP000074-00,,崩れた防壁を調べる,防壁には古い補修跡が幾重にも重なっている。最近造られたものではない。,"(17,11)",requiredFlag=crystalTreeCleared,log,map.js,mapActions.2,,
323,時期未確定・休眠/補助,マップログ,ガルヴァニア渓谷,GALVANIA_GORGE,MAP000074-00,,破壊された城門を調べる,魔王軍の巨大な門扉と城壁が、凄まじい力で打ち砕かれている。誰が破ったのかは分からない。,"(24,15)",requiredFlag=crystalTreeCleared,log,map.js,mapActions.1,,
324,時期未確定・休眠/補助,マップログ,クレナ鍾乳洞,CRENA_LIMESTONE_CAVE,1,,王国兵に話す,王国軍が鍾乳洞を調査中だ。安全が確認できるまで、これ以上先へは通せない。,,,log,map.js,mapActors.0.states.0.action,,
325,時期未確定・休眠/補助,移動・操作メッセージ,クレナ鍾乳洞,CRENA_LIMESTONE_CAVE,1,crena_claw,,爪痕の主が襲いかかる！,"(6,18)",,message,map.js,tileEffects.2,,
326,時期未確定・休眠/補助,移動・操作メッセージ,クレナ鍾乳洞,CRENA_LIMESTONE_CAVE,1,,,結晶光が元の足場へ引き戻した。,"(19,9)",,message,map.js,tileEffects.1,,
327,時期未確定・休眠/補助,移動・操作メッセージ,クレナ鍾乳洞,CRENA_LIMESTONE_CAVE,1,,,結晶光が鍾乳洞の反対側へ運んだ。,"(8,10)",,message,map.js,tileEffects.0,,
328,時期未確定・休眠/補助,マップログ,クレナ鍾乳洞,CRENA_LIMESTONE_CAVE,2,,リーシアに話す,リーシアが結界の前で奥の魔力を探っている。,,questId=licia_crena_depths,log,map.js,mapActors.0.states.0.action,,
329,時期未確定・休眠/補助,利用不可メッセージ,クレナ鍾乳洞,CRENA_LIMESTONE_CAVE,2,,リーシアに話す,闇の加護がなければ、この結界の奥は見えない。,,questId=licia_crena_depths,lockedText,map.js,mapActors.0.states.0.action,,
330,時期未確定・休眠/補助,移動・操作メッセージ,クレナ鍾乳洞,CRENA_LIMESTONE_CAVE,2,,,結晶光が戻り道を開いた。,"(24,14)",,message,map.js,tileEffects.1,,
331,時期未確定・休眠/補助,移動・操作メッセージ,クレナ鍾乳洞,CRENA_LIMESTONE_CAVE,2,,,結晶光が空間を曲げた。,"(3,5)",,message,map.js,tileEffects.0,,
332,時期未確定・休眠/補助,調査ログ,クレナ鍾乳洞,CRENA_LIMESTONE_CAVE,2,,結晶を守る魔物に挑む,青い結晶の前に、鋭い爪痕を残した魔物が佇んでいる。,"(13,5)",monsterId=301021,inspectLog,map.js,bosses.0,,
333,時期未確定・休眠/補助,進行制限ログ,クレナ鍾乳洞,CRENA_LIMESTONE_CAVE,2,,地下3階へ下りる,巧妙な結界に阻まれている。,"(23,10)",requiredFlag=darkCastleCleared,lockedLog,map.js,floorLinks.1,,
334,時期未確定・休眠/補助,マップログ,クレナ鍾乳洞,CRENA_LIMESTONE_CAVE,3,,上層小部屋の封晶を砕く,封晶のひとつにヒビが入った。,"(5,6)",,log,map.js,mapActions.0,,
335,時期未確定・休眠/補助,マップログ,クレナ鍾乳洞,CRENA_LIMESTONE_CAVE,3,,南東の封晶を砕く,封晶のひとつを砕いた。,"(24,20)",,log,map.js,mapActions.1,,
336,時期未確定・休眠/補助,移動・操作メッセージ,クレナ鍾乳洞,CRENA_LIMESTONE_CAVE,3,,,結界の膜を滑った。,,,message,map.js,tileEffects.1,,
337,時期未確定・休眠/補助,移動・操作メッセージ,クレナ鍾乳洞,CRENA_LIMESTONE_CAVE,3,crena_barrier_guard,,結界守が迫る！,"(24,19)",,message,map.js,tileEffects.2,,
338,時期未確定・休眠/補助,移動・操作メッセージ,クレナ鍾乳洞,CRENA_LIMESTONE_CAVE,3,,,結界毒が体を蝕む！,,,message,map.js,tileEffects.0,,
339,時期未確定・休眠/補助,移動・操作メッセージ,クレナ鍾乳洞,CRENA_LIMESTONE_CAVE,4,crena_core_guard,,結界核の守り手が迫る！,"(25,16)",,message,map.js,tileEffects.1,,
340,時期未確定・休眠/補助,移動・操作メッセージ,クレナ鍾乳洞,CRENA_LIMESTONE_CAVE,4,,,結界核の毒光が肌を焼く！,,,message,map.js,tileEffects.0,,
341,時期未確定・休眠/補助,調査ログ,クレナ鍾乳洞,CRENA_LIMESTONE_CAVE,4,,結界核を砕く,リーシアの魔力が、結界核の奥で苦しげに揺れている。,"(14,7)","questId=licia_crena_depths; monsterId=[852, 901, 852]",inspectLog,map.js,bosses.0,,
342,時期未確定・休眠/補助,進行制限ログ,夢幻回廊リドパルム,RIDPALM_DREAM_CORRIDOR,6,,災禍の根ジャゴレアへ進む,黒騎士の力が道を塞いでいる。,"(14,18)",requiredFlag=abyssVeldDefeated,lockedLog,map.js,floorLinks.1,,
343,時期未確定・休眠/補助,ストーリーLOG,大灯台,,,lighthouse_zelied_story_intro,,ゼリードは大灯台の裏設備に詳しいようだ。,,,LOG action,story.js:7607,actions.2,,
344,時期未確定・休眠/補助,マップログ,大灯台,BIG_TOWER,1,,ゼリードと話す,ゼリードは灯台の増設部分を観察している。,,eventId=lighthouse_zelied_story_support,log,map.js,mapActors.0.states.1.action,,
345,時期未確定・休眠/補助,マップログ,大灯台,BIG_TOWER,1,,ゼリードと話す,灯台の一階に、見覚えのある男がいる。,,eventId=lighthouse_zelied_story_intro,log,map.js,mapActors.0.states.0.action,,
346,時期未確定・休眠/補助,進行制限ログ,大灯台,BIG_TOWER,1,,2階へ,灯台の裏設備を知る者に話を聞いた方がよさそうだ。,"(19,4)",requiredFlag=zeliedLighthouseIntroSeen,lockedLog,map.js,floorLinks.1,,
347,時期未確定・休眠/補助,マップログ,最果ての祠,TRIAL_ISLAND,MAP000029-00,,,口を結んだ吽形の守護像が、静かに祠の奥を守っている。,"(14,7)",,log,map.js,blockingObjects.1,,
348,時期未確定・休眠/補助,マップログ,最果ての祠,TRIAL_ISLAND,MAP000029-00,,,口を開いた阿形の守護像が、挑む者の覚悟を見定めている。,"(10,7)",,log,map.js,blockingObjects.0,,
349,時期未確定・休眠/補助,マップログ,最果ての祠,TRIAL_ISLAND,MAP000029-00,,中間試練に挑む,祠を満たす霊光が、自らの殻を破ろうとする者の魂へ応える。,"(12,3)",,log,map.js,mapActions.0,,
350,時期未確定・休眠/補助,マップログ,朽ちた祠,RUINED_SHRINE,MAP000036-00,,石碑に触れる,石碑からただならぬ気配があふれ出した……,"(9,4)",monsterId=902000,log,map.js,mapActions.0,,
351,時期未確定・休眠/補助,確認文,朽ちた祠,RUINED_SHRINE,MAP000036-00,,石碑に触れる,『災厄の楔』が石碑に呼応している……<br>ギルガメッシュに挑みますか？<br><span style='color:#f44; font-size:11px;'>※この戦いからは逃げられません</span>,"(9,4)",monsterId=902000,confirmText,map.js,mapActions.0,,
352,時期未確定・休眠/補助,進行制限ログ,次元牢獄クロノアビス,CHRONO_ABYSS,7,,終焉の祭壇へ進む,亀裂の縁で六色の光が散り、道はまだ形を保てない。,"(14,19)","requiredFlags=['abyssIlluminaciaDefeated', 'abyssAllSpiritTrialsCleared', 'abyssCycleCrystalCreated']",lockedLog,map.js,floorLinks.1,,
353,時期未確定・休眠/補助,マップログ,混沌魔城レガシオン 地下牢,LEGACION_PRISON,MAP000058-00,,,錆びた牢門が行く手を塞いでいる。,"(4,5)",,log,map.js,blockingObjects.0,,
354,時期未確定・休眠/補助,マップログ,混沌魔城レガシオン 地下牢,LEGACION_PRISON,MAP000058-00,,,錆びた牢門が行く手を塞いでいる。,"(18,5)",,log,map.js,blockingObjects.1,,
355,時期未確定・休眠/補助,マップログ,混沌魔城レガシオン 地下牢,LEGACION_PRISON,MAP000058-00,,,錆びた牢門が行く手を塞いでいる。,"(4,9)",,log,map.js,blockingObjects.2,,
356,時期未確定・休眠/補助,マップログ,混沌魔城レガシオン 地下牢,LEGACION_PRISON,MAP000058-00,,,錆びた牢門が行く手を塞いでいる。,"(18,9)",,log,map.js,blockingObjects.3,,
357,時期未確定・休眠/補助,マップログ,混沌魔城レガシオン 地下牢,LEGACION_PRISON,MAP000058-00,,牢内を調べる,湿った石床に、古い鎖だけが残されている。,"(18,5)",,log,map.js,mapActions.2,,
358,時期未確定・休眠/補助,マップログ,混沌魔城レガシオン 地下神殿,LEGACION_TEMPLE,MAP000059-00,,封印門を開く,混沌の結晶片が封印門に共鳴し、次元を隔てていた鎖がほどけた。,"(10,3)",,log,map.js,mapActions.0,,
359,時期未確定・休眠/補助,マップログ,混沌魔城レガシオン 東塔,LEGACION_EAST_TOWER,MAP000064-00,,東塔の頂を調べる,北の空に、夢幻回廊の輪郭だけが揺れている。,"(8,2)",,log,map.js,mapActions.1,,
360,時期未確定・休眠/補助,マップログ,混沌魔城レガシオン 西塔,LEGACION_WEST_TOWER,MAP000063-00,,西塔の頂を調べる,崩れた狭間から、城下町と閉ざされた南の荒野が見える。,"(8,2)",,log,map.js,mapActions.1,,
361,時期未確定・休眠/補助,マップログ,禁則地グレゼリア,GREZELIA_FORBIDDEN,1,,ミネルバの作戦を聞く,ミネルバが、禁則術式の継ぎ目を読み解いている。,,questId=ryu_minerva_grezelia,log,map.js,mapActors.1.states.0.action,,
362,時期未確定・休眠/補助,マップログ,禁則地グレゼリア,GREZELIA_FORBIDDEN,1,,リュウの作戦を聞く,リュウが、禁則術式の崩し方を探っている。,,questId=ryu_minerva_grezelia,log,map.js,mapActors.0.states.0.action,,
363,時期未確定・休眠/補助,移動・操作メッセージ,禁則地グレゼリア,GREZELIA_FORBIDDEN,1,grezelia_rule,,禁則の番人が迫る！,"(26,21)",,message,map.js,tileEffects.2,,
364,時期未確定・休眠/補助,移動・操作メッセージ,禁則地グレゼリア,GREZELIA_FORBIDDEN,1,,,禁則式が反転した。,"(25,6)",,message,map.js,tileEffects.1,,
365,時期未確定・休眠/補助,移動・操作メッセージ,禁則地グレゼリア,GREZELIA_FORBIDDEN,1,,,禁則式が座標を奪った。,"(6,6)",,message,map.js,tileEffects.0,,
366,時期未確定・休眠/補助,マップログ,禁則地グレゼリア,GREZELIA_FORBIDDEN,2,,禁奥の脈動を読む,床下で、研究棟の心臓のような魔力が脈打っている。,"(16,23)",,log,map.js,mapActions.0,,
367,時期未確定・休眠/補助,移動・操作メッセージ,禁則地グレゼリア,GREZELIA_FORBIDDEN,2,,,術式が再び反転した。,"(26,17)",,message,map.js,tileEffects.1,,
368,時期未確定・休眠/補助,移動・操作メッセージ,禁則地グレゼリア,GREZELIA_FORBIDDEN,2,,,術式が進行方向を反転した。,"(6,17)",,message,map.js,tileEffects.0,,
369,時期未確定・休眠/補助,調査ログ,禁則地グレゼリア,GREZELIA_FORBIDDEN,2,,外殻術式を破る,リュウとミネルバが、幾重にも絡む禁則術式を押さえている。,"(16,4)",requiredFlag=darkCastleCleared; questId=ryu_minerva_grezelia; monsterId=301100,inspectLog,map.js,bosses.0,,
370,時期未確定・休眠/補助,進行制限ログ,禁則地グレゼリア,GREZELIA_FORBIDDEN,2,,零式禁則層へ,二重の禁則封印が道を閉ざしている。,"(28,23)",requiredFlag=grezeliaOuterSealBroken,lockedLog,map.js,floorLinks.1,,
371,時期未確定・休眠/補助,マップログ,禁則地グレゼリア,GREZELIA_FORBIDDEN,3,,禁則の声に応える,最深部から、ゼノンの声が低く響いている。,,questId=zenon_hidden_grezelia,log,map.js,mapActors.0.states.0.action,,
372,時期未確定・休眠/補助,移動・操作メッセージ,禁則地グレゼリア,GREZELIA_FORBIDDEN,3,grezelia_zero_executor,,零式執行者が二歩ずつ迫る！,"(17,15)",,message,map.js,tileEffects.2,,
373,時期未確定・休眠/補助,移動・操作メッセージ,禁則地グレゼリア,GREZELIA_FORBIDDEN,3,,,零式術式が再反転した。,"(17,11)",,message,map.js,tileEffects.1,,
374,時期未確定・休眠/補助,移動・操作メッセージ,禁則地グレゼリア,GREZELIA_FORBIDDEN,3,,,零式術式が左右を入れ替えた。,"(6,8)",,message,map.js,tileEffects.0,,
375,時期未確定・休眠/補助,調査ログ,禁則地グレゼリア,GREZELIA_FORBIDDEN,3,,零式禁則試練に挑む,禁則の底で、意志を持つ闇がこちらを見返している。,"(17,4)",requiredFlag=grezeliaOuterSealBroken; questId=zenon_hidden_grezelia; monsterId=401180,inspectLog,map.js,bosses.0,,
376,時期未確定・休眠/補助,マップログ,終焉の祭壇,FINAL_ALTAR,MAP000057-01,,さらに深い亀裂を調べる,祭壇の奥に、底の知れない亀裂が広がっている。,"(19,1)",requiredFlag=abyssEpilogueSeen; eventId=abyss_postgame_crack,log,map.js,mapActions.0,,
377,時期未確定・休眠/補助,利用不可メッセージ,終焉の祭壇,FINAL_ALTAR,MAP000057-01,,さらに深い亀裂を調べる,亀裂はまだ固く閉ざされている。,"(19,1)",requiredFlag=abyssEpilogueSeen; eventId=abyss_postgame_crack,lockedText,map.js,mapActions.0,,
378,時期未確定・休眠/補助,マップログ,統合の祭壇,ABYSS_FIELD,MAP000032-00,,,亀裂だらけの柱が、奇跡的に立ち続けている。,"(4,4)",,log,map.js,blockingObjects.12,,
379,時期未確定・休眠/補助,マップログ,統合の祭壇,ABYSS_FIELD,MAP000032-00,,,倒れた柱が斜めに通路を塞いでいる。,"(12,9)",,log,map.js,blockingObjects.16,,
380,時期未確定・休眠/補助,マップログ,統合の祭壇,ABYSS_FIELD,MAP000032-00,,,倒れた柱が斜めに通路を塞いでいる。,"(11,10)",,log,map.js,blockingObjects.17,,
381,時期未確定・休眠/補助,マップログ,統合の祭壇,ABYSS_FIELD,MAP000032-00,,,六角形の窪みには、プリズムらしき傷跡がある。,"(11,7)",,log,map.js,blockingObjects.21,,
382,時期未確定・休眠/補助,マップログ,統合の祭壇,ABYSS_FIELD,MAP000032-00,,,台座から伸びる古い導線は、奈落の縁で途切れている。,"(6,9)",,log,map.js,blockingObjects.22,,
383,時期未確定・休眠/補助,マップログ,統合の祭壇,ABYSS_FIELD,MAP000032-00,,,台座は崩れ、紫色の欠片だけが散らばっている。,"(11,5)",,log,map.js,blockingObjects.19,,
384,時期未確定・休眠/補助,マップログ,統合の祭壇,ABYSS_FIELD,MAP000032-00,,,壊れた固定具が、奈落の方を向いている。,"(5,7)",,log,map.js,blockingObjects.20,,
385,時期未確定・休眠/補助,マップログ,統合の祭壇,ABYSS_FIELD,MAP000032-00,,,奈落が口を開けている。,"(7,6)",,log,map.js,blockingObjects.0,,
386,時期未確定・休眠/補助,マップログ,統合の祭壇,ABYSS_FIELD,MAP000032-00,,,奈落が口を開けている。,"(8,6)",,log,map.js,blockingObjects.1,,
387,時期未確定・休眠/補助,マップログ,統合の祭壇,ABYSS_FIELD,MAP000032-00,,,奈落が口を開けている。,"(9,6)",,log,map.js,blockingObjects.2,,
388,時期未確定・休眠/補助,マップログ,統合の祭壇,ABYSS_FIELD,MAP000032-00,,,奈落が口を開けている。,"(7,7)",,log,map.js,blockingObjects.3,,
389,時期未確定・休眠/補助,マップログ,統合の祭壇,ABYSS_FIELD,MAP000032-00,,,奈落が口を開けている。,"(9,7)",,log,map.js,blockingObjects.5,,
390,時期未確定・休眠/補助,マップログ,統合の祭壇,ABYSS_FIELD,MAP000032-00,,,奈落が口を開けている。,"(7,8)",,log,map.js,blockingObjects.6,,
391,時期未確定・休眠/補助,マップログ,統合の祭壇,ABYSS_FIELD,MAP000032-00,,,奈落が口を開けている。,"(8,8)",,log,map.js,blockingObjects.7,,
392,時期未確定・休眠/補助,マップログ,統合の祭壇,ABYSS_FIELD,MAP000032-00,,,奈落が口を開けている。,"(9,8)",,log,map.js,blockingObjects.8,,
393,時期未確定・休眠/補助,マップログ,統合の祭壇,ABYSS_FIELD,MAP000032-00,,,崩れた台座に、微かな光を失った結晶片が残っている。,"(10,9)",,log,map.js,blockingObjects.23,,
394,時期未確定・休眠/補助,マップログ,統合の祭壇,ABYSS_FIELD,MAP000032-00,,,崩れた祭壇が道を塞いでいる。,"(7,4)",,log,map.js,blockingObjects.10,,
395,時期未確定・休眠/補助,マップログ,統合の祭壇,ABYSS_FIELD,MAP000032-00,,,崩れた祭壇が道を塞いでいる。,"(9,4)",,log,map.js,blockingObjects.11,,
396,時期未確定・休眠/補助,マップログ,統合の祭壇,ABYSS_FIELD,MAP000032-00,,,崩れた祭壇には、古い儀式の痕跡が残っている。,"(8,4)",,log,map.js,blockingObjects.9,,
397,時期未確定・休眠/補助,マップログ,統合の祭壇,ABYSS_FIELD,MAP000032-00,,,折れた柱には、読めない文字が刻まれている。,"(12,10)",,log,map.js,blockingObjects.15,,
398,時期未確定・休眠/補助,マップログ,統合の祭壇,ABYSS_FIELD,MAP000032-00,,,折れた柱の内部から、古い金属の導線が覗いている。,"(4,10)",,log,map.js,blockingObjects.14,,
399,時期未確定・休眠/補助,マップログ,統合の祭壇,ABYSS_FIELD,MAP000032-00,,,柱の頂には、プリズムを支えた枠だけが残っている。,"(12,4)",,log,map.js,blockingObjects.13,,
400,時期未確定・休眠/補助,マップログ,統合の祭壇,ABYSS_FIELD,MAP000032-00,,,空になった台座。かつて何かが載せられていたようだ。,"(5,5)",,log,map.js,blockingObjects.18,,
401,時期未確定・休眠/補助,マップログ,統合の祭壇,ABYSS_FIELD,MAP000032-00,,,闇がどこまでも続いている。,"(8,7)",,log,map.js,blockingObjects.4,,
402,時期未確定・休眠/補助,マップログ,統合の祭壇,ABYSS_FIELD,MAP000032-00,,アランと対峙する,祭壇中央の亀裂の前に、光をまとったアランが立っている。,,eventId=integration_altar_alan_phase8e,log,map.js,mapActors.0.states.0.action,,
403,時期未確定・休眠/補助,マップログ,統合の祭壇,ABYSS_FIELD,MAP000032-00,,深淵の亀裂を調べる,統合の祭壇の中心で、深淵へ続く亀裂が脈打っている。,"(8,7)",requiredFlag=alanAltarResolved,log,map.js,mapActions.3,,
404,時期未確定・休眠/補助,マップログ,闇の神殿エクリプス跡,DARK_SHRINE_RUINS,1,,クロードに声をかける,クロードが、奥から漏れる闇を警戒している。,,questId=claude_leon_dark_shrine,log,map.js,mapActors.0.states.0.action,,
405,時期未確定・休眠/補助,マップログ,闇の神殿エクリプス跡,DARK_SHRINE_RUINS,1,,レオンに声をかける,レオンが、神殿跡地に残る光の痕跡を確かめている。,,questId=claude_leon_dark_shrine,log,map.js,mapActors.1.states.0.action,,
406,時期未確定・休眠/補助,移動・操作メッセージ,闇の神殿エクリプス跡,DARK_SHRINE_RUINS,1,,,影の門が開いた。,"(25,8)",,message,map.js,tileEffects.2,,
407,時期未確定・休眠/補助,移動・操作メッセージ,闇の神殿エクリプス跡,DARK_SHRINE_RUINS,1,,,影の門に呑まれた。,"(6,8)",,message,map.js,tileEffects.1,,
408,時期未確定・休眠/補助,移動・操作メッセージ,闇の神殿エクリプス跡,DARK_SHRINE_RUINS,1,shrine_shadow,,神殿の影が追ってくる！,"(23,16)",,message,map.js,tileEffects.3,,
409,時期未確定・休眠/補助,移動・操作メッセージ,闇の神殿エクリプス跡,DARK_SHRINE_RUINS,1,,,闇の霧が命を削る！,"(7,16)",,message,map.js,tileEffects.0,,
410,時期未確定・休眠/補助,調査ログ,闇の神殿エクリプス跡,DARK_SHRINE_RUINS,1,,クロードとレオンに加勢する,二つの剣閃が、闇の残滓を食い止めている。,"(15,7)",requiredFlag=lightPalaceCleared; questId=claude_leon_dark_shrine; monsterId=303206,inspectLog,map.js,bosses.0,,
411,時期未確定・休眠/補助,マップログ,闇の神殿エクリプス跡,DARK_SHRINE_RUINS,2,,祭壇の残光に触れる,崩れた祭壇に、月明かりのような冷たい闇が残っている。,"(16,22)",,log,map.js,mapActions.0,,
412,時期未確定・休眠/補助,移動・操作メッセージ,闇の神殿エクリプス跡,DARK_SHRINE_RUINS,2,,,月光の床を滑った。,"(7,10)",,message,map.js,tileEffects.0,,
413,時期未確定・休眠/補助,移動・操作メッセージ,闇の神殿エクリプス跡,DARK_SHRINE_RUINS,2,,,月影が元の祭廊へ返した。,"(25,20)",,message,map.js,tileEffects.3,,
414,時期未確定・休眠/補助,移動・操作メッセージ,闇の神殿エクリプス跡,DARK_SHRINE_RUINS,2,,,月影が左右を反転させた。,"(7,20)",,message,map.js,tileEffects.2,,
415,時期未確定・休眠/補助,移動・操作メッセージ,闇の神殿エクリプス跡,DARK_SHRINE_RUINS,2,,,月影の闇が染み込む！,"(26,10)",,message,map.js,tileEffects.1,,
416,時期未確定・休眠/補助,マップログ,頂の神殿,SUMMIT_TEMPLE,MAP000035-00,,,剣を伏せた天使像が、挑戦者の歩みを静かに見守っている。,"(10,6)",,log,map.js,blockingObjects.0,,
417,時期未確定・休眠/補助,マップログ,頂の神殿,SUMMIT_TEMPLE,MAP000035-00,,,神竜の像が翼を畳み、山頂の聖域を守っている。,"(14,6)",,log,map.js,blockingObjects.1,,
418,時期未確定・休眠/補助,マップログ,頂の神殿,SUMMIT_TEMPLE,MAP000035-00,,最終試練に挑む,祭壇が、極限に迫る者の名を静かに問うている。,"(12,3)",,log,map.js,mapActions.0,,
419,時期未確定・休眠/補助,直接App.log,,,,,システムログ,${char.name || '仲間'}の絆が深まった。,,,App.log,story_logic.js:2329,,,
420,時期未確定・休眠/補助,直接App.log,,,,,システムログ,${entry.name}を発見した！,,,App.log,main.js:3758,,,
421,時期未確定・休眠/補助,直接App.log,,,,,システムログ,${equip.name}を手に入れた！,,,App.log,story_logic.js:2466,,,
422,時期未確定・休眠/補助,直接App.log,,,,,システムログ,${master.name}は現在、仲間へ戻ることができない。,,,App.log,main.js:4883,,,
423,時期未確定・休眠/補助,直接App.log,,,,,システムログ,${names}の前に、${trialName}の門が開いた！,,,App.log,main.js:6809,,,
424,時期未確定・休眠/補助,直接App.log,,,,,システムログ,${name}は、こちらの出方を窺っている。,,,App.log,dungeon.js:1450,,,
425,時期未確定・休眠/補助,直接App.log,,,,,システムログ,${this.name}は力尽きた！,,,App.log,main.js:110,,,
426,時期未確定・休眠/補助,直接App.log,,,,,システムログ,"<span style=""color:#80ffb0;"">依頼迷宮の討伐目標を達成した！</span>",,,App.log,dungeon.js:6874,,,
427,時期未確定・休眠/補助,直接App.log,,,,,システムログ,"<span style=""color:#80ffb0;"">清らかな泉が湧いている。</span>",,,App.log,dungeon.js:3109,,,
428,時期未確定・休眠/補助,直接App.log,,,,,システムログ,"<span style=""color:#80ffb0;"">清らかな泉の力で、HPとMPが全回復した！</span>",,,App.log,dungeon.js:3143,,,
429,時期未確定・休眠/補助,直接App.log,,,,,システムログ,"<span style=""color:#80ffb0;"">物語深淵を踏破した！ 深淵の亀裂が解放されます。</span>",,,App.log,dungeon.js:7061,,,
430,時期未確定・休眠/補助,直接App.log,,,,,システムログ,"<span style=""color:#80ffb0;"">追憶の魔境を踏破した！ 宝箱と帰還ゲートが現れた。</span>",,,App.log,dungeon.js:7023,,,
431,時期未確定・休眠/補助,直接App.log,,,,,システムログ,"<span style=""color:#80ffb0;"">階段が現れた！</span>",,,App.log,dungeon.js:7063,,,
432,時期未確定・休眠/補助,直接App.log,,,,,システムログ,"<span style=""color:#88ff66;"">${message}</span>",,,App.log,dungeon.js:3227,,,
433,時期未確定・休眠/補助,直接App.log,,,,,システムログ,"<span style=""color:#c78cff;"">亀裂の根源を打ち破った！</span>",,,App.log,dungeon.js:4783,,,
434,時期未確定・休眠/補助,直接App.log,,,,,システムログ,"<span style=""color:#c9a7ff;"">追憶の魔境へ足を踏み入れた。挑戦は1階から始まる。</span>",,,App.log,dungeon.js:672,,,
435,時期未確定・休眠/補助,直接App.log,,,,,システムログ,"<span style=""color:#ff8a5c;"">溶岩の熱でダメージを受けた！</span>",,,App.log,dungeon.js:3201,,,
436,時期未確定・休眠/補助,直接App.log,,,,,システムログ,"<span style=""color:#ff8a72;"">フロアに深淵のハンターが現れた！</span>",,,App.log,dungeon.js:4632,,,
437,時期未確定・休眠/補助,直接App.log,,,,,システムログ,"<span style=""color:#ff8b8b;"">イベント処理を中断しました。再読込すると同じ位置から再試行します。<br>${this.escapeHtml ? this.escapeHtml(message) : message}</span>",,,App.log,story_logic.js:1367,,,
438,時期未確定・休眠/補助,直接App.log,,,,,システムログ,"<span style=""color:#ff8b8b;"">会話の再開に失敗しました。再読込すると同じ位置から再試行します。</span>",,,App.log,story_logic.js:1719,,,
439,時期未確定・休眠/補助,直接App.log,,,,,システムログ,"<span style=""color:#ff9a9a;"">${label}の扉だ。同じ色の鍵が必要だ。</span>",,,App.log,dungeon.js:907,,,
440,時期未確定・休眠/補助,直接App.log,,,,,システムログ,"<span style=""color:#ffd700;"">${eq.name}を手に入れた！</span>",,,App.log,dungeon.js:4616,,,
441,時期未確定・休眠/補助,直接App.log,,,,,システムログ,"<span style=""color:#ffd700;"">${item.name}</span> を手に入れた！",,,App.log,dungeon.js:2874,,,
442,時期未確定・休眠/補助,直接App.log,,,,,システムログ,"<span style=""color:#ffd700;"">${itemName}を手に入れた！</span>",,,App.log,dungeon.js:4827,,,
443,時期未確定・休眠/補助,直接App.log,,,,,システムログ,"<span style=""color:#ffd700;"">${rewardName}を手に入れた！</span>",,,App.log,dungeon.js:5251,,,
444,時期未確定・休眠/補助,直接App.log,,,,,システムログ,"<span style=""color:#ffd78a;"">${label}の鍵で扉を開けた。</span>",,,App.log,dungeon.js:919,,,
445,時期未確定・休眠/補助,直接App.log,,,,,システムログ,"<span style=""color:#ffd78a;"">${label}の鍵は既に持っている。</span>",,,App.log,dungeon.js:841,,,
446,時期未確定・休眠/補助,直接App.log,,,,,システムログ,"<span style=""color:#ffd78a;"">${label}の鍵を守る魔物が立ちはだかった！</span>",,,App.log,dungeon.js:1058,,,
447,時期未確定・休眠/補助,直接App.log,,,,,システムログ,"<span style=""color:#ffd78a;"">${label}の鍵を手に入れた！</span>",,,App.log,dungeon.js:847,,,
448,時期未確定・休眠/補助,直接App.log,,,,,システムログ,"<span style=""color:#ffd78a;"">【${title}】${message}</span>",,,App.log,dungeon.js:144,,,
449,時期未確定・休眠/補助,直接App.log,,,,,システムログ,"<span style=""color:#ffd78a;"">【${title}】${message}</span>",,,App.log,dungeon.js:148,,,
450,時期未確定・休眠/補助,直接App.log,,,,,システムログ,<span style='color:#88f;'>「警戒」により不意打ちを防いだ！</span>,,,App.log,main.js:9935,,,
451,時期未確定・休眠/補助,直接App.log,,,,,システムログ,<span style='color:#8f8;'>「忍び足」により先制攻撃のチャンス！</span>,,,App.log,main.js:9940,,,
452,時期未確定・休眠/補助,直接App.log,,,,,システムログ,<span style='color:#f88;'>帰還先が不安定だったため、安全な場所へ移動しました。</span>,,,App.log,dungeon.js:2358,,,
453,時期未確定・休眠/補助,直接App.log,,,,,システムログ,Goldが足りない。,,,App.log,main.js:6402,,,
454,時期未確定・休眠/補助,直接App.log,,,,,システムログ,【システム解放】${App.getFeatureUnlockLabel(key)}が利用可能になった！,,,App.log,main.js:4113,,,
455,時期未確定・休眠/補助,直接App.log,,,,,システムログ,【仲間加入】${existing.name}がパーティに加わった！,,,App.log,main.js:4936,,,
456,時期未確定・休眠/補助,直接App.log,,,,,システムログ,あたりの雰囲気が変わった気がする…,,,App.log,dungeon.js:4375,,,
457,時期未確定・休眠/補助,直接App.log,,,,,システムログ,すでに依頼迷宮を探索中だ。,,,App.log,dungeon.js:686,,,
458,時期未確定・休眠/補助,直接App.log,,,,,システムログ,そこには降りることができない！,,,App.log,main.js:4094,,,
459,時期未確定・休眠/補助,直接App.log,,,,,システムログ,なんと ${saveAlly.name}が仲間に加わった！,,,App.log,main.js:5000,,,
460,時期未確定・休眠/補助,直接App.log,,,,,システムログ,パーティは全滅した……。,,,App.log,story_logic.js:2039,,,
461,時期未確定・休眠/補助,直接App.log,,,,,システムログ,プリズムは沈黙している。,,,App.log,main.js:13008,,,
462,時期未確定・休眠/補助,直接App.log,,,,,システムログ,ボスの気配が…,,,App.log,dungeon.js:2767,,,
463,時期未確定・休眠/補助,直接App.log,,,,,システムログ,ボスの気配が立ちはだかっている。,,,App.log,dungeon.js:2631,,,
464,時期未確定・休眠/補助,直接App.log,,,,,システムログ,不思議な力で体力が回復した！,,,App.log,story_logic.js:2345,,,
465,時期未確定・休眠/補助,直接App.log,,,,,システムログ,中身を取得できなかった。宝箱はまだ開いていない。,,,App.log,dungeon.js:2867,,,
466,時期未確定・休眠/補助,直接App.log,,,,,システムログ,亀裂の根源を打ち破った！<br>根源が消滅し、その跡から輝く装備を見つけた！！<br>${itemName}を手に入れた！,,,App.log,dungeon.js:4825,,,
467,時期未確定・休眠/補助,直接App.log,,,,,システムログ,依頼迷宮から撤退した。依頼は再挑戦できる。,,,App.log,dungeon.js:2409,,,
468,時期未確定・休眠/補助,直接App.log,,,,,システムログ,依頼迷宮の出口が開いた。,,,App.log,dungeon.js:2033,,,
469,時期未確定・休眠/補助,直接App.log,,,,,システムログ,依頼迷宮を攻略し、帰還した。,,,App.log,dungeon.js:2407,,,
470,時期未確定・休眠/補助,直接App.log,,,,,システムログ,光の翼で空へ舞い上がった！,,,App.log,main.js:4086,,,
471,時期未確定・休眠/補助,直接App.log,,,,,システムログ,冒険を開始します。,,,App.log,main.js:3153,,,
472,時期未確定・休眠/補助,直接App.log,,,,,システムログ,冒険者がこちらに気づいた。,,,App.log,main.js:12568,,,
473,時期未確定・休眠/補助,直接App.log,,,,,システムログ,冒険者が立っている。,,,App.log,main.js:13710,,,
474,時期未確定・休眠/補助,直接App.log,,,,,システムログ,命からがら逃げ出した……,,,App.log,dungeon.js:2405,,,
475,時期未確定・休眠/補助,直接App.log,,,,,システムログ,噴水の水面は静かだ。今日の祈りは、もう届いている。,,,App.log,main.js:6366,,,
476,時期未確定・休眠/補助,直接App.log,,,,,システムログ,噴水の水面は静かだ。今日の祈りは、もう届いている。,,,App.log,main.js:6403,,,
477,時期未確定・休眠/補助,直接App.log,,,,,システムログ,噴水へ捧げるには ${cost.toLocaleString()} Gold 必要だ。,,,App.log,main.js:6371,,,
478,時期未確定・休眠/補助,直接App.log,,,,,システムログ,地下 ${Dungeon.floor} 階の冒険を再開します。,,,App.log,main.js:3159,,,
479,時期未確定・休眠/補助,直接App.log,,,,,システムログ,地下 ${Dungeon.floor} 階ボス撃破！ボスの気配が消えた...,,,App.log,dungeon.js:6888,,,
480,時期未確定・休眠/補助,直接App.log,,,,,システムログ,地面に降り立った。,,,App.log,main.js:4099,,,
481,時期未確定・休眠/補助,直接App.log,,,,,システムログ,天使の羽が黒く染まった。,,,App.log,dungeon.js:3659,,,
482,時期未確定・休眠/補助,直接App.log,,,,,システムログ,天使は静かに目を伏せた。,,,App.log,dungeon.js:3636,,,
483,時期未確定・休眠/補助,直接App.log,,,,,システムログ,宝箱の中で何かが蠢いたが、姿を現さなかった…。,,,App.log,dungeon.js:1096,,,
484,時期未確定・休眠/補助,直接App.log,,,,,システムログ,宝箱を開けた！<br>${msg} を手に入れた！,,,App.log,dungeon.js:3052,,,
485,時期未確定・休眠/補助,直接App.log,,,,,システムログ,"宝箱を開けた！<br><span style=""color:#ff8a72;font-weight:bold;"">${monster.name}</span> が襲いかかってきた！",,,App.log,dungeon.js:1107,,,
486,時期未確定・休眠/補助,直接App.log,,,,,システムログ,"宝箱を開けた！<br>なんと <span style=""color:${isUltraItem ? '#ff5b7f' : '#ffff00'}; font-weight:${isUltraItem ? 'bold' : 'normal'};""> ${it.name} </span>を手に入れた！",,,App.log,dungeon.js:2991,,,
487,時期未確定・休眠/補助,直接App.log,,,,,システムログ,宝箱を開けた！<br>中身は空だった…。,,,App.log,dungeon.js:2988,,,
488,時期未確定・休眠/補助,直接App.log,,,,,システムログ,宝箱を開けた！<br>中身は空だった…。,,,App.log,dungeon.js:3035,,,
489,時期未確定・休眠/補助,直接App.log,,,,,システムログ,小舟を降りた。,,,App.log,main.js:13923,,,
490,時期未確定・休眠/補助,直接App.log,,,,,システムログ,属性が不均質に混ざり合っている…,,,App.log,main.js:10924,,,
491,時期未確定・休眠/補助,直接App.log,,,,,システムログ,建物に遮られて進めない。,,,App.log,main.js:13750,,,
492,時期未確定・休眠/補助,直接App.log,,,,,システムログ,戦えるメンバーがいません！,,,App.log,battle.js:2577,,,
493,時期未確定・休眠/補助,直接App.log,,,,,システムログ,戦闘に復帰します...,,,App.log,main.js:3150,,,
494,時期未確定・休眠/補助,直接App.log,,,,,システムログ,敵だ！,,,App.log,main.js:10129,,,
495,時期未確定・休眠/補助,直接App.log,,,,,システムログ,最奥のゲートから地上へ戻ってください。,,,App.log,dungeon.js:2018,,,
496,時期未確定・休眠/補助,直接App.log,,,,,システムログ,海は船がないと渡れない…,,,App.log,main.js:13917,,,
497,時期未確定・休眠/補助,直接App.log,,,,,システムログ,物語深淵は100階で踏破済みです。メニューから帰還し、深淵の亀裂へ挑戦してください。,,,App.log,dungeon.js:2023,,,
498,時期未確定・休眠/補助,直接App.log,,,,,システムログ,祈りは届かなかった。少ししてから、もう一度試してみよう。,,,App.log,main.js:6404,,,
499,時期未確定・休眠/補助,直接App.log,,,,,システムログ,終焉の祭壇の亀裂は、まだ見つかっていない。,,,App.log,dungeon.js:577,,,
500,時期未確定・休眠/補助,直接App.log,,,,,システムログ,終焉の祭壇の亀裂は、まだ見つかっていない。,,,App.log,dungeon.js:592,,,
501,時期未確定・休眠/補助,直接App.log,,,,,システムログ,終焉の祭壇の亀裂は、まだ見つかっていない。,,,App.log,dungeon.js:613,,,
502,時期未確定・休眠/補助,直接App.log,,,,,システムログ,統合の祭壇へ続く道は、奈落側からの侵食で寸断されている。,,,App.log,main.js:10933,,,
503,時期未確定・休眠/補助,直接App.log,,,,,システムログ,試練の気配は静まっている。${requiredText}に到達した仲間をパーティに入れる必要がありそうだ。,,,App.log,main.js:6792,,,
504,時期未確定・休眠/補助,直接App.log,,,,,システムログ,試練への挑戦を見送った。,,,App.log,main.js:6802,,,
505,時期未確定・休眠/補助,直接App.log,,,,,システムログ,足元を調べた。しかし、何も見つからなかった,,,App.log,main.js:7047,,,
506,時期未確定・休眠/補助,直接App.log,,,,,システムログ,闇がどこまでも続いているような亀裂を見つけた・・・,,,App.log,dungeon.js:4668,,,
507,時期未確定・休眠/補助,直接App.log,,,,,システムログ,階段がある。,,,App.log,dungeon.js:2750,,,
508,時期未確定・休眠/補助,直接App.log,,,,,システムログ,雷の要塞の東門は、内側から雷の結界で閉ざされている。西門側から制御炉を止めれば開きそうだ。,,,App.log,main.js:13422,,,
509,時期未確定・休眠/補助,直接App.log,,,,,システムログ,魔法の小舟で海へ漕ぎ出した。,,,App.log,main.js:13918,,,
